Task ID,Area,Checkpoint ID,Completed By,Completed Date,Component,Done,Due Date,Mark Done,Notes,Owner,Phase,Priority,Progress,Section,Source Doc,Start Date,Start Task,Started By,Status,Task
P1-A-001,Standards,P1-A,D O,"September 11, 2025",,Yes,,,,,1,P2,"Overall Progress (https://www.notion.so/Overall-Progress-26b0cff84158800895d8f002d83ce60f?pvs=21), Checkpoint A (https://www.notion.so/Checkpoint-A-26b0cff841588057af3dc03a145e5f92?pvs=21)",0) Conventions,Phase 1 - DEV Checkpoints,"September 10, 2025 2:36 PM (MDT)",,D O,Complete,"Environments: `dev`, `staging`, `prod` with strict isolation."
P1-A-002,Standards,P1-A,D O,"September 11, 2025",,Yes,,,,,1,P2,"Overall Progress (https://www.notion.so/Overall-Progress-26b0cff84158800895d8f002d83ce60f?pvs=21), Checkpoint A (https://www.notion.so/Checkpoint-A-26b0cff841588057af3dc03a145e5f92?pvs=21)",0) Conventions,Phase 1 - DEV Checkpoints,"September 10, 2025 2:36 PM (MDT)",,D O,Complete,"Resource naming: `{proj}-{env}-{service}` (Cloud Run), `{proj}-{env}-{topic}` (Pub/Sub), `{proj}-{env}-{bucket}` (GCS)."
P1-A-003,Standards,P1-A,D O,"September 11, 2025",,Yes,,,,,1,P2,"Overall Progress (https://www.notion.so/Overall-Progress-26b0cff84158800895d8f002d83ce60f?pvs=21), Checkpoint A (https://www.notion.so/Checkpoint-A-26b0cff841588057af3dc03a145e5f92?pvs=21)",0) Conventions,Phase 1 - DEV Checkpoints,"September 10, 2025 2:36 PM (MDT)",,D O,Complete,"Region: single primary region for Cloud Run, Pub/Sub, Memorystore, VPC connectors, and data stores."
P1-A-004,Standards,P1-A,D O,"September 13, 2025",,Yes,,,,,1,P2,"Overall Progress (https://www.notion.so/Overall-Progress-26b0cff84158800895d8f002d83ce60f?pvs=21), Checkpoint A (https://www.notion.so/Checkpoint-A-26b0cff841588057af3dc03a145e5f92?pvs=21)",0) Conventions,Phase 1 - DEV Checkpoints,"September 10, 2025 2:36 PM (MDT)",,D O,Complete,"Event attributes (all topics): `correlation_id`, `emitter`, `emittedAt`, plus the natural key (`asset` | `template_id` | `account_id` | `intent_id` | `plan_id` | `client_order_id`)."
P1-A-005,Standards,P1-A,D O,"September 13, 2025",,Yes,,,,,1,P2,"Overall Progress (https://www.notion.so/Overall-Progress-26b0cff84158800895d8f002d83ce60f?pvs=21), Checkpoint A (https://www.notion.so/Checkpoint-A-26b0cff841588057af3dc03a145e5f92?pvs=21)",0) Conventions,Phase 1 - DEV Checkpoints,"September 10, 2025 2:36 PM (MDT)",,D O,Complete,"Ordering keys: per asset (bars, signals), per template (template intents), per account (intents, risk, orders)."
P1-A-006,Standards,P1-A,D O,"September 13, 2025",,Yes,,,,,1,P2,"Overall Progress (https://www.notion.so/Overall-Progress-26b0cff84158800895d8f002d83ce60f?pvs=21), Checkpoint A (https://www.notion.so/Checkpoint-A-26b0cff841588057af3dc03a145e5f92?pvs=21)",0) Conventions,Phase 1 - DEV Checkpoints,"September 10, 2025 2:37 PM (MDT)",,D O,Complete,"Redis keys: locks `asset:lock:{symbol}`, `account:lock:{id}`, `risk:lock:{id}`, `exec:lock:{id}`, `tm:lock:{id}`; idempotency `risk:done:{intent}`, `exec:done:{intent}`; positions cache `positions:{account}`."
P1-A-007,Infra,P1-A,D O,"September 10, 2025",,Yes,,,,,1,P2,"Overall Progress (https://www.notion.so/Overall-Progress-26b0cff84158800895d8f002d83ce60f?pvs=21), Checkpoint A (https://www.notion.so/Checkpoint-A-26b0cff841588057af3dc03a145e5f92?pvs=21)",1) Google Cloud Project and Networking,Phase 1 - DEV Checkpoints,"September 10, 2025 2:37 PM (MDT)",,D O,Complete,Projects: separate GCP projects per environment.
P1-A-008,Infra,P1-A,D O,"September 13, 2025",,Yes,,,,,1,P2,"Overall Progress (https://www.notion.so/Overall-Progress-26b0cff84158800895d8f002d83ce60f?pvs=21), Checkpoint A (https://www.notion.so/Checkpoint-A-26b0cff841588057af3dc03a145e5f92?pvs=21)",1) Google Cloud Project and Networking,Phase 1 - DEV Checkpoints,"September 10, 2025 2:37 PM (MDT)",,D O,Complete,"Enable APIs: Cloud Run, Cloud Scheduler, Pub/Sub, Secret Manager, Memorystore, GCS, Artifact Registry, Cloud Build, Cloud Logging, Cloud Monitoring, Cloud Spanner."
P1-A-009,Infra,P1-A,D O,"September 10, 2025",,Yes,,,,,1,P2,"Overall Progress (https://www.notion.so/Overall-Progress-26b0cff84158800895d8f002d83ce60f?pvs=21), Checkpoint A (https://www.notion.so/Checkpoint-A-26b0cff841588057af3dc03a145e5f92?pvs=21)",1) Google Cloud Project and Networking,Phase 1 - DEV Checkpoints,"September 10, 2025 2:38 PM (MDT)",,D O,Complete,VPC per environment and Serverless VPC Access Connector for private access to Memorystore and (if used) private services.
P1-A-010,Infra,P1-A,D O,"September 13, 2025",,Yes,,,,,1,P2,"Overall Progress (https://www.notion.so/Overall-Progress-26b0cff84158800895d8f002d83ce60f?pvs=21), Checkpoint A (https://www.notion.so/Checkpoint-A-26b0cff841588057af3dc03a145e5f92?pvs=21)",1) Google Cloud Project and Networking,Phase 1 - DEV Checkpoints,"September 10, 2025 2:38 PM (MDT)",,D O,Complete,Egress allow-list: market data provider and SnapTrade API.
P1-A-011,Infra,P1-A,D O,"September 10, 2025",,Yes,,,,,1,P2,"Overall Progress (https://www.notion.so/Overall-Progress-26b0cff84158800895d8f002d83ce60f?pvs=21), Checkpoint A (https://www.notion.so/Checkpoint-A-26b0cff841588057af3dc03a145e5f92?pvs=21)",1) Google Cloud Project and Networking,Phase 1 - DEV Checkpoints,"September 10, 2025 2:38 PM (MDT)",,D O,Complete,Artifact Registry: regional Docker repo for Phase 1 service images.
P1-A-012,Data Infra,P1-A,D O,"September 13, 2025",Cloud Spanner (operational SoT),Yes,,,,,1,P2,"Overall Progress (https://www.notion.so/Overall-Progress-26b0cff84158800895d8f002d83ce60f?pvs=21), Checkpoint A (https://www.notion.so/Checkpoint-A-26b0cff841588057af3dc03a145e5f92?pvs=21)",2) Data Stores — Cloud Spanner (operational SoT),Phase 1 - DEV Checkpoints,"September 10, 2025 2:38 PM (MDT)",,D O,Complete,Instance & database per environment.
P1-A-013,Data Model,P1-A,D O,"September 13, 2025",Cloud Spanner (operational SoT),Yes,,,,,1,P2,"Overall Progress (https://www.notion.so/Overall-Progress-26b0cff84158800895d8f002d83ce60f?pvs=21), Checkpoint A (https://www.notion.so/Checkpoint-A-26b0cff841588057af3dc03a145e5f92?pvs=21)",2) Data Stores — Cloud Spanner (operational SoT),Phase 1 - DEV Checkpoints,"September 10, 2025 2:38 PM (MDT)",,D O,Complete,Create tables and indexes (Phase 1 scope):
P1-A-014,Data Infra,P1-A,D O,"September 14, 2025",Firestore (registries and config),Yes,,,,,1,P2,"Overall Progress (https://www.notion.so/Overall-Progress-26b0cff84158800895d8f002d83ce60f?pvs=21), Checkpoint A (https://www.notion.so/Checkpoint-A-26b0cff841588057af3dc03a145e5f92?pvs=21)",2) Data Stores — Firestore (registries and config),Phase 1 - DEV Checkpoints,"September 10, 2025 2:38 PM (MDT)",,D O,Complete,"Collections: `exchange_calendars`, optional small registries that are configuration-driven."
P1-A-015,Data Infra,P1-A,D O,"September 14, 2025",Google Cloud Storage (GCS),Yes,,,,,1,P2,"Overall Progress (https://www.notion.so/Overall-Progress-26b0cff84158800895d8f002d83ce60f?pvs=21), Checkpoint A (https://www.notion.so/Checkpoint-A-26b0cff841588057af3dc03a145e5f92?pvs=21)",2) Data Stores — Google Cloud Storage (GCS),Phase 1 - DEV Checkpoints,"September 10, 2025 2:38 PM (MDT)",,D O,Complete,Buckets per environment for model artifacts and transform scalers; enable object versioning.
P1-A-016,Data Infra,P1-A,D O,"September 14, 2025",Memorystore for Redis,Yes,,,,,1,P2,"Overall Progress (https://www.notion.so/Overall-Progress-26b0cff84158800895d8f002d83ce60f?pvs=21), Checkpoint A (https://www.notion.so/Checkpoint-A-26b0cff841588057af3dc03a145e5f92?pvs=21)",2) Data Stores — Memorystore for Redis,Phase 1 - DEV Checkpoints,"September 10, 2025 2:38 PM (MDT)",,D O,Complete,Instances per environment on the VPC.
P1-A-017,Data Infra,P1-A,D O,"September 14, 2025",Memorystore for Redis,Yes,,,,,1,P2,"Overall Progress (https://www.notion.so/Overall-Progress-26b0cff84158800895d8f002d83ce60f?pvs=21), Checkpoint A (https://www.notion.so/Checkpoint-A-26b0cff841588057af3dc03a145e5f92?pvs=21)",2) Data Stores — Memorystore for Redis,Phase 1 - DEV Checkpoints,"September 10, 2025 2:38 PM (MDT)",,D O,Complete,"Capacity sized for locks, idempotency keys, positions cache, and token buckets."
P1-A-018,Security,P1-A,D O,"September 10, 2025",,Yes,,,,,1,P2,"Overall Progress (https://www.notion.so/Overall-Progress-26b0cff84158800895d8f002d83ce60f?pvs=21), Checkpoint A (https://www.notion.so/Checkpoint-A-26b0cff841588057af3dc03a145e5f92?pvs=21)",3) Security and IAM,Phase 1 - DEV Checkpoints,"September 10, 2025 2:38 PM (MDT)",,D O,Complete,"Service accounts (one per service/job): Data Loader, Inference Worker, Training Scheduler, Trainer, Portfolio Engine, Account Intent Builder, Risk Engine, Execution Gateway, Trade Manager."
P1-A-019,Security,P1-A,D O,"September 14, 2025",,Yes,,,,,1,P2,"Overall Progress (https://www.notion.so/Overall-Progress-26b0cff84158800895d8f002d83ce60f?pvs=21), Checkpoint A (https://www.notion.so/Checkpoint-A-26b0cff841588057af3dc03a145e5f92?pvs=21)",3) Security and IAM,Phase 1 - DEV Checkpoints,"September 10, 2025 2:38 PM (MDT)",,D O,Complete,Least-privilege roles per service:
P1-A-020,Security,P1-A,D O,"September 14, 2025",,Yes,,,,,1,P2,"Overall Progress (https://www.notion.so/Overall-Progress-26b0cff84158800895d8f002d83ce60f?pvs=21), Checkpoint A (https://www.notion.so/Checkpoint-A-26b0cff841588057af3dc03a145e5f92?pvs=21)",3) Security and IAM,Phase 1 - DEV Checkpoints,"September 10, 2025 2:38 PM (MDT)",,D O,Complete,Secrets in Secret Manager: market data provider API key; SnapTrade credentials; GCS roots; Spanner connection settings (instance/database names).
P1-A-021,Messaging,P1-A,D O,"September 10, 2025",,Yes,,,,,1,P2,"Overall Progress (https://www.notion.so/Overall-Progress-26b0cff84158800895d8f002d83ce60f?pvs=21), Checkpoint A (https://www.notion.so/Checkpoint-A-26b0cff841588057af3dc03a145e5f92?pvs=21)",4) Pub/Sub Event Bus,Phase 1 - DEV Checkpoints,"September 10, 2025 2:38 PM (MDT)",,D O,Complete,Create topics (env-prefixed) and enable ordering keys where required:
P1-A-022,Messaging,P1-A,D O,"September 14, 2025",,Yes,,,,,1,P2,"Overall Progress (https://www.notion.so/Overall-Progress-26b0cff84158800895d8f002d83ce60f?pvs=21), Checkpoint A (https://www.notion.so/Checkpoint-A-26b0cff841588057af3dc03a145e5f92?pvs=21)",4) Pub/Sub Event Bus,Phase 1 - DEV Checkpoints,"September 10, 2025 2:38 PM (MDT)",,D O,Complete,"Subscriptions per consumer with DLQs, ack deadlines, delivery attempts, and filters."
P1-A-023,Messaging,P1-A,D O,"September 14, 2025",,Yes,,,,,1,P2,"Overall Progress (https://www.notion.so/Overall-Progress-26b0cff84158800895d8f002d83ce60f?pvs=21), Checkpoint A (https://www.notion.so/Checkpoint-A-26b0cff841588057af3dc03a145e5f92?pvs=21)",4) Pub/Sub Event Bus,Phase 1 - DEV Checkpoints,"September 10, 2025 2:38 PM (MDT)",,D O,Complete,"Operating modes supported by producers/consumers: normal, catch-up (`replay true`), dry-run."
P1-A-024,Messaging,P1-A,D O,"September 14, 2025",,Yes,,,,,1,P2,"Overall Progress (https://www.notion.so/Overall-Progress-26b0cff84158800895d8f002d83ce60f?pvs=21), Checkpoint A (https://www.notion.so/Checkpoint-A-26b0cff841588057af3dc03a145e5f92?pvs=21)",4) Pub/Sub Event Bus,Phase 1 - DEV Checkpoints,"September 10, 2025 2:38 PM (MDT)",,D O,Complete,"Metrics to track: publish rate, oldest unacked age, backlog, subscriber ack latency, DLQ count; SLOs per path."
P1-A-025,CI/CD,P1-A,D O,"September 15, 2025",,Yes,,,,,1,P2,"Overall Progress (https://www.notion.so/Overall-Progress-26b0cff84158800895d8f002d83ce60f?pvs=21), Checkpoint A (https://www.notion.so/Checkpoint-A-26b0cff841588057af3dc03a145e5f92?pvs=21)",5) CI/CD and Runtime Configuration,Phase 1 - DEV Checkpoints,"September 10, 2025 2:38 PM (MDT)",,D O,Complete,Repository: mono-repo or well-named multi-repo with branch protection.
P1-A-026,CI/CD,P1-A,D O,"September 15, 2025",,Yes,,,,,1,P2,"Overall Progress (https://www.notion.so/Overall-Progress-26b0cff84158800895d8f002d83ce60f?pvs=21), Checkpoint A (https://www.notion.so/Checkpoint-A-26b0cff841588057af3dc03a145e5f92?pvs=21)",5) CI/CD and Runtime Configuration,Phase 1 - DEV Checkpoints,"September 10, 2025 2:38 PM (MDT)",,D O,Complete,Containerization: standard Dockerfile for Python services; Artifact Registry per environment.
P1-A-027,CI/CD,P1-A,D O,"September 15, 2025",,Yes,,,,,1,P2,"Overall Progress (https://www.notion.so/Overall-Progress-26b0cff84158800895d8f002d83ce60f?pvs=21), Checkpoint A (https://www.notion.so/Checkpoint-A-26b0cff841588057af3dc03a145e5f92?pvs=21)",5) CI/CD and Runtime Configuration,Phase 1 - DEV Checkpoints,"September 10, 2025 2:38 PM (MDT)",,D O,Complete,CI/CD: build → tag (commit SHA) → push; per-environment deploy gates.
P1-A-028,CI/CD,P1-A,D O,"September 15, 2025",,Yes,,,,,1,P2,"Overall Progress (https://www.notion.so/Overall-Progress-26b0cff84158800895d8f002d83ce60f?pvs=21), Checkpoint A (https://www.notion.so/Checkpoint-A-26b0cff841588057af3dc03a145e5f92?pvs=21)",5) CI/CD and Runtime Configuration,Phase 1 - DEV Checkpoints,"September 10, 2025 2:38 PM (MDT)",,D O,Complete,Runtime config: environment variables for non-secrets; secrets pulled at runtime from Secret Manager.
P1-A-029,Observability,P1-A,D O,"September 16, 2025",,Yes,,,,,1,P2,"Overall Progress (https://www.notion.so/Overall-Progress-26b0cff84158800895d8f002d83ce60f?pvs=21), Checkpoint A (https://www.notion.so/Checkpoint-A-26b0cff841588057af3dc03a145e5f92?pvs=21)",7) Observability and SLOs,Phase 1 - DEV Checkpoints,"September 10, 2025 2:38 PM (MDT)",,D O,Complete,Structured JSON logging with `correlation_id` on every log line; OTEL tracing/metrics to Cloud Trace/Monitoring.
P1-A-030,Observability,P1-A,D O,"September 16, 2025",,Yes,,,,,1,P2,"Overall Progress (https://www.notion.so/Overall-Progress-26b0cff84158800895d8f002d83ce60f?pvs=21), Checkpoint A (https://www.notion.so/Checkpoint-A-26b0cff841588057af3dc03a145e5f92?pvs=21)",7) Observability and SLOs,Phase 1 - DEV Checkpoints,"September 10, 2025 2:38 PM (MDT)",,D O,Complete,"Dashboards: Pub/Sub backlog/undelivered per topic; p95 Cloud Run latency and 5xx per service; per-path SLOs (e.g., bars→signals)."
P1-A-031,Observability,P1-A,D O,"September 16, 2025",,Yes,,,,,1,P2,"Overall Progress (https://www.notion.so/Overall-Progress-26b0cff84158800895d8f002d83ce60f?pvs=21), Checkpoint A (https://www.notion.so/Checkpoint-A-26b0cff841588057af3dc03a145e5f92?pvs=21)",7) Observability and SLOs,Phase 1 - DEV Checkpoints,"September 10, 2025 2:38 PM (MDT)",,D O,Complete,Alerts: message to any DLQ; sustained 5xx spike; backlog age above threshold.
P1-A-032,Observability,P1-A,D O,"September 16, 2025",,Yes,,,,,1,P2,"Overall Progress (https://www.notion.so/Overall-Progress-26b0cff84158800895d8f002d83ce60f?pvs=21), Checkpoint A (https://www.notion.so/Checkpoint-A-26b0cff841588057af3dc03a145e5f92?pvs=21)",7) Observability and SLOs,Phase 1 - DEV Checkpoints,"September 10, 2025 2:38 PM (MDT)",,D O,Complete,Phase 1 SLO baselines: ingest→signals p95 ≤ 15 s; risk decision p95 ≤ 800 ms (warm cache); plan build/submit p95 ≤ 500 ms.
P1-A-033,Scheduler,P1-A,D O,"September 16, 2025",Cloud Scheduler,Yes,,,,,1,P2,"Overall Progress (https://www.notion.so/Overall-Progress-26b0cff84158800895d8f002d83ce60f?pvs=21), Checkpoint A (https://www.notion.so/Checkpoint-A-26b0cff841588057af3dc03a145e5f92?pvs=21)",8) Component-Level Preflight (Phase 1) — Cloud Scheduler,Phase 1 - DEV Checkpoints,"September 10, 2025 2:39 PM (MDT)",,D O,Complete,Jobs created for Data Loader (hourly) and Training Scheduler (calendar boundaries).
P1-A-034,Service,P1-A,D O,"September 16, 2025",Data Loader,Yes,,,,,1,P2,"Overall Progress (https://www.notion.so/Overall-Progress-26b0cff84158800895d8f002d83ce60f?pvs=21), Checkpoint A (https://www.notion.so/Checkpoint-A-26b0cff841588057af3dc03a145e5f92?pvs=21)",8) Component-Level Preflight (Phase 1) — Data Loader,Phase 1 - DEV Checkpoints,"September 10, 2025 2:39 PM (MDT)",,D O,Complete,Secrets: market data provider credentials present.
P1-A-035,Service,P1-A,D O,"September 16, 2025",Data Loader,Yes,,,,,1,P2,"Overall Progress (https://www.notion.so/Overall-Progress-26b0cff84158800895d8f002d83ce60f?pvs=21), Checkpoint A (https://www.notion.so/Checkpoint-A-26b0cff841588057af3dc03a145e5f92?pvs=21)",8) Component-Level Preflight (Phase 1) — Data Loader,Phase 1 - DEV Checkpoints,"September 10, 2025 2:39 PM (MDT)",,D O,Complete,"Tables: `raw_price_data`, `provider_cursor`, `data_loader_runs` created; indexes applied."
P1-A-036,Service,P1-A,D O,"September 16, 2025",Data Loader,Yes,,,,,1,P2,"Overall Progress (https://www.notion.so/Overall-Progress-26b0cff84158800895d8f002d83ce60f?pvs=21), Checkpoint A (https://www.notion.so/Checkpoint-A-26b0cff841588057af3dc03a145e5f92?pvs=21)",8) Component-Level Preflight (Phase 1) — Data Loader,Phase 1 - DEV Checkpoints,"September 10, 2025 2:39 PM (MDT)",,D O,Complete,VPC connector configured; Pub/Sub `bars` topic exists.
P1-A-037,Service,P1-A,D O,"September 16, 2025",Data Loader,Yes,,,,,1,P2,"Overall Progress (https://www.notion.so/Overall-Progress-26b0cff84158800895d8f002d83ce60f?pvs=21), Checkpoint A (https://www.notion.so/Checkpoint-A-26b0cff841588057af3dc03a145e5f92?pvs=21)",8) Component-Level Preflight (Phase 1) — Data Loader,Phase 1 - DEV Checkpoints,"September 10, 2025 2:39 PM (MDT)",,D O,Complete,"Bulk upsert and unique `(asset, ts)` enforcement verified."
P1-A-038,MLOps,P1-A,D O,"September 16, 2025",Inference Worker,Yes,,,,,1,P2,"Overall Progress (https://www.notion.so/Overall-Progress-26b0cff84158800895d8f002d83ce60f?pvs=21), Checkpoint A (https://www.notion.so/Checkpoint-A-26b0cff841588057af3dc03a145e5f92?pvs=21)",8) Component-Level Preflight (Phase 1) — Inference Worker,Phase 1 - DEV Checkpoints,"September 10, 2025 2:39 PM (MDT)",,D O,Complete,Subscription: `bars` with ordering by `asset`.
P1-A-039,MLOps,P1-A,D O,"September 16, 2025",Inference Worker,Yes,,,,,1,P2,"Overall Progress (https://www.notion.so/Overall-Progress-26b0cff84158800895d8f002d83ce60f?pvs=21), Checkpoint A (https://www.notion.so/Checkpoint-A-26b0cff841588057af3dc03a145e5f92?pvs=21)",8) Component-Level Preflight (Phase 1) — Inference Worker,Phase 1 - DEV Checkpoints,"September 10, 2025 2:39 PM (MDT)",,D O,Complete,GCS bucket access for model/scaler loads. Redis asset lock TTLs set.
P1-A-040,MLOps,P1-A,D O,"September 16, 2025",Inference Worker,Yes,,,,,1,P2,"Overall Progress (https://www.notion.so/Overall-Progress-26b0cff84158800895d8f002d83ce60f?pvs=21), Checkpoint A (https://www.notion.so/Checkpoint-A-26b0cff841588057af3dc03a145e5f92?pvs=21)",8) Component-Level Preflight (Phase 1) — Inference Worker,Phase 1 - DEV Checkpoints,"September 10, 2025 2:39 PM (MDT)",,D O,Complete,"Tables: `indicator_data_raw`, `indicator_data_processed`, `selected_features`, `model_registry` present."
P1-A-041,MLOps,P1-A,D O,"September 16, 2025",Inference Worker,Yes,,,,,1,P2,"Overall Progress (https://www.notion.so/Overall-Progress-26b0cff84158800895d8f002d83ce60f?pvs=21), Checkpoint A (https://www.notion.so/Checkpoint-A-26b0cff841588057af3dc03a145e5f92?pvs=21)",8) Component-Level Preflight (Phase 1) — Inference Worker,Phase 1 - DEV Checkpoints,"September 10, 2025 2:39 PM (MDT)",,D O,Complete,Publishes `signals` on completion.
P1-A-042,MLOps,P1-A,D O,"September 17, 2025",Training Scheduler,Yes,,,,,1,P2,"Overall Progress (https://www.notion.so/Overall-Progress-26b0cff84158800895d8f002d83ce60f?pvs=21), Checkpoint A (https://www.notion.so/Checkpoint-A-26b0cff841588057af3dc03a145e5f92?pvs=21)",8) Component-Level Preflight (Phase 1) — Training Scheduler,Phase 1 - DEV Checkpoints,"September 10, 2025 2:39 PM (MDT)",,D O,Complete,Cron trigger configured; subscriber to `training.requested` enabled.
P1-A-043,MLOps,P1-A,D O,"September 17, 2025",Training Scheduler,Yes,,,,,1,P2,"Overall Progress (https://www.notion.so/Overall-Progress-26b0cff84158800895d8f002d83ce60f?pvs=21), Checkpoint A (https://www.notion.so/Checkpoint-A-26b0cff841588057af3dc03a145e5f92?pvs=21)",8) Component-Level Preflight (Phase 1) — Training Scheduler,Phase 1 - DEV Checkpoints,"September 10, 2025 2:39 PM (MDT)",,D O,Complete,"Tables: `training_plans` (unique `(asset, boundary_time)`), `training_runs`, `model_registry`."
P1-A-044,MLOps,P1-A,D O,"September 17, 2025",Training Scheduler,Yes,,,,,1,P2,"Overall Progress (https://www.notion.so/Overall-Progress-26b0cff84158800895d8f002d83ce60f?pvs=21), Checkpoint A (https://www.notion.so/Checkpoint-A-26b0cff841588057af3dc03a145e5f92?pvs=21)",8) Component-Level Preflight (Phase 1) — Training Scheduler,Phase 1 - DEV Checkpoints,"September 10, 2025 2:39 PM (MDT)",,D O,Complete,Publishes `training.cmd` for eligible plans.
P1-A-045,MLOps,P1-A,D O,"September 17, 2025",Trainer,Yes,,,,,1,P2,"Overall Progress (https://www.notion.so/Overall-Progress-26b0cff84158800895d8f002d83ce60f?pvs=21), Checkpoint A (https://www.notion.so/Checkpoint-A-26b0cff841588057af3dc03a145e5f92?pvs=21)",8) Component-Level Preflight (Phase 1) — Trainer,Phase 1 - DEV Checkpoints,"September 10, 2025 2:39 PM (MDT)",,D O,Complete,Subscription: `training.cmd`; publishes `models.evt`.
P1-A-046,MLOps,P1-A,D O,"September 17, 2025",Trainer,Yes,,,,,1,P2,"Overall Progress (https://www.notion.so/Overall-Progress-26b0cff84158800895d8f002d83ce60f?pvs=21), Checkpoint A (https://www.notion.so/Checkpoint-A-26b0cff841588057af3dc03a145e5f92?pvs=21)",8) Component-Level Preflight (Phase 1) — Trainer,Phase 1 - DEV Checkpoints,"September 10, 2025 2:39 PM (MDT)",,D O,Complete,Per-asset training lock and dedupe (`training_runs.run_id` unique).
P1-A-047,MLOps,P1-A,D O,"September 17, 2025",Trainer,Yes,,,,,1,P2,"Overall Progress (https://www.notion.so/Overall-Progress-26b0cff84158800895d8f002d83ce60f?pvs=21), Checkpoint A (https://www.notion.so/Checkpoint-A-26b0cff841588057af3dc03a145e5f92?pvs=21)",8) Component-Level Preflight (Phase 1) — Trainer,Phase 1 - DEV Checkpoints,"September 10, 2025 2:39 PM (MDT)",,D O,Complete,Artifacts packaged to GCS and model_registry/available_strategies updated.
P1-A-048,Service,P1-A,D O,"September 19, 2025",Portfolio Engine,Yes,,,,,1,P2,"Overall Progress (https://www.notion.so/Overall-Progress-26b0cff84158800895d8f002d83ce60f?pvs=21), Checkpoint A (https://www.notion.so/Checkpoint-A-26b0cff841588057af3dc03a145e5f92?pvs=21)",8) Component-Level Preflight (Phase 1) — Portfolio Engine,Phase 1 - DEV Checkpoints,"September 10, 2025 2:39 PM (MDT)",,D O,Complete,Subscription: `signals`; publishes `template.rebalance.intent`.
P1-A-049,Service,P1-A,D O,"September 19, 2025",Portfolio Engine,Yes,,,,,1,P2,"Overall Progress (https://www.notion.so/Overall-Progress-26b0cff84158800895d8f002d83ce60f?pvs=21), Checkpoint A (https://www.notion.so/Checkpoint-A-26b0cff841588057af3dc03a145e5f92?pvs=21)",8) Component-Level Preflight (Phase 1) — Portfolio Engine,Phase 1 - DEV Checkpoints,"September 10, 2025 2:39 PM (MDT)",,D O,Complete,"Tables: `templates`, `template_membership`, `template_targets`; Redis template lock."
P1-A-050,Service,P1-A,D O,"September 19, 2025",Account Intent Builder,Yes,,,,,1,P2,"Overall Progress (https://www.notion.so/Overall-Progress-26b0cff84158800895d8f002d83ce60f?pvs=21), Checkpoint A (https://www.notion.so/Checkpoint-A-26b0cff841588057af3dc03a145e5f92?pvs=21)",8) Component-Level Preflight (Phase 1) — Account Intent Builder,Phase 1 - DEV Checkpoints,"September 10, 2025 2:39 PM (MDT)",,D O,Complete,Subscriptions: `template.rebalance.intent` (and optionally `account.admin`); publishes `account.intent.ready`.
P1-A-051,Service,P1-A,D O,"September 19, 2025",Account Intent Builder,Yes,,,,,1,P2,"Overall Progress (https://www.notion.so/Overall-Progress-26b0cff84158800895d8f002d83ce60f?pvs=21), Checkpoint A (https://www.notion.so/Checkpoint-A-26b0cff841588057af3dc03a145e5f92?pvs=21)",8) Component-Level Preflight (Phase 1) — Account Intent Builder,Phase 1 - DEV Checkpoints,"September 10, 2025 2:39 PM (MDT)",,D O,Complete,"Tables: `accounts`, `account_intents`, `asset_metadata`, `rounding_rules`, `template_membership`, `template_targets`."
P1-A-052,Service,P1-A,D O,"September 19, 2025",Account Intent Builder,Yes,,,,,1,P2,"Overall Progress (https://www.notion.so/Overall-Progress-26b0cff84158800895d8f002d83ce60f?pvs=21), Checkpoint A (https://www.notion.so/Checkpoint-A-26b0cff841588057af3dc03a145e5f92?pvs=21)",8) Component-Level Preflight (Phase 1) — Account Intent Builder,Phase 1 - DEV Checkpoints,"September 10, 2025 2:39 PM (MDT)",,D O,Complete,Rounding/micro-filters and deterministic `intent_id` wired.
P1-A-053,Service,P1-A,D O,"September 19, 2025",Risk Engine,Yes,,,,,1,P2,"Overall Progress (https://www.notion.so/Overall-Progress-26b0cff84158800895d8f002d83ce60f?pvs=21), Checkpoint A (https://www.notion.so/Checkpoint-A-26b0cff841588057af3dc03a145e5f92?pvs=21)",8) Component-Level Preflight (Phase 1) — Risk Engine,Phase 1 - DEV Checkpoints,"September 10, 2025 2:39 PM (MDT)",,D O,Complete,Subscription: `account.intent.ready`; publishes `risk.approved|risk.rejected`.
P1-A-054,Service,P1-A,D O,"September 19, 2025",Risk Engine,Yes,,,,,1,P2,"Overall Progress (https://www.notion.so/Overall-Progress-26b0cff84158800895d8f002d83ce60f?pvs=21), Checkpoint A (https://www.notion.so/Checkpoint-A-26b0cff841588057af3dc03a145e5f92?pvs=21)",8) Component-Level Preflight (Phase 1) — Risk Engine,Phase 1 - DEV Checkpoints,"September 10, 2025 2:39 PM (MDT)",,D O,Complete,Broker access: SnapTrade positions/cash; Redis positions cache optional.
P1-A-055,Service,P1-A,D O,"September 19, 2025",Risk Engine,Yes,,,,,1,P2,"Overall Progress (https://www.notion.so/Overall-Progress-26b0cff84158800895d8f002d83ce60f?pvs=21), Checkpoint A (https://www.notion.so/Checkpoint-A-26b0cff841588057af3dc03a145e5f92?pvs=21)",8) Component-Level Preflight (Phase 1) — Risk Engine,Phase 1 - DEV Checkpoints,"September 10, 2025 2:39 PM (MDT)",,D O,Complete,"Tables: `risk_snapshots`, plus readers for `accounts`, `asset_metadata`."
P1-A-056,Service,P1-A,D O,"September 19, 2025",Execution Gateway (SnapTrade Driver),Yes,,,,,1,P2,"Overall Progress (https://www.notion.so/Overall-Progress-26b0cff84158800895d8f002d83ce60f?pvs=21), Checkpoint A (https://www.notion.so/Checkpoint-A-26b0cff841588057af3dc03a145e5f92?pvs=21)",8) Component-Level Preflight (Phase 1) — Execution Gateway (SnapTrade Driver),Phase 1 - DEV Checkpoints,"September 10, 2025 2:39 PM (MDT)",,D O,Complete,Subscription: `risk.approved`; publishes `orders.cmd`; consumes `orders.evt` for reconciliation.
P1-A-057,Service,P1-A,D O,"September 19, 2025",Execution Gateway (SnapTrade Driver),Yes,,,,,1,P2,"Overall Progress (https://www.notion.so/Overall-Progress-26b0cff84158800895d8f002d83ce60f?pvs=21), Checkpoint A (https://www.notion.so/Checkpoint-A-26b0cff841588057af3dc03a145e5f92?pvs=21)",8) Component-Level Preflight (Phase 1) — Execution Gateway (SnapTrade Driver),Phase 1 - DEV Checkpoints,"September 10, 2025 2:39 PM (MDT)",,D O,Complete,"Tables: `execution_plans`, `orders`, `execution_sagas`, `order_id_map`; unique `execution_plans.intent_id`."
P1-A-058,Service,P1-A,D O,"September 19, 2025",Execution Gateway (SnapTrade Driver),Yes,,,,,1,P2,"Overall Progress (https://www.notion.so/Overall-Progress-26b0cff84158800895d8f002d83ce60f?pvs=21), Checkpoint A (https://www.notion.so/Checkpoint-A-26b0cff841588057af3dc03a145e5f92?pvs=21)",8) Component-Level Preflight (Phase 1) — Execution Gateway (SnapTrade Driver),Phase 1 - DEV Checkpoints,"September 10, 2025 2:39 PM (MDT)",,D O,Complete,Account-scoped exec lock; deterministic `client_order_id`.
P1-A-059,Service,P1-A,D O,"September 19, 2025",Trade Manager,Yes,,,,,1,P2,"Overall Progress (https://www.notion.so/Overall-Progress-26b0cff84158800895d8f002d83ce60f?pvs=21), Checkpoint A (https://www.notion.so/Checkpoint-A-26b0cff841588057af3dc03a145e5f92?pvs=21)",8) Component-Level Preflight (Phase 1) — Trade Manager,Phase 1 - DEV Checkpoints,"September 10, 2025 2:39 PM (MDT)",,D O,Complete,Subscription: `orders.cmd`; publishes `orders.evt`; writes compact audit stubs for later phases.
P1-A-060,Service,P1-A,D O,"September 19, 2025",Trade Manager,Yes,,,,,1,P2,"Overall Progress (https://www.notion.so/Overall-Progress-26b0cff84158800895d8f002d83ce60f?pvs=21), Checkpoint A (https://www.notion.so/Checkpoint-A-26b0cff841588057af3dc03a145e5f92?pvs=21)",8) Component-Level Preflight (Phase 1) — Trade Manager,Phase 1 - DEV Checkpoints,"September 10, 2025 2:39 PM (MDT)",,D O,Complete,"Tables: `execution_plans`, `orders`, `execution_sagas`, `order_id_map`; Redis token buckets and account locks."
P1-A-061,Service,P1-A,D O,"September 19, 2025",Trade Manager,Yes,,,,,1,P2,"Overall Progress (https://www.notion.so/Overall-Progress-26b0cff84158800895d8f002d83ce60f?pvs=21), Checkpoint A (https://www.notion.so/Checkpoint-A-26b0cff841588057af3dc03a145e5f92?pvs=21)",8) Component-Level Preflight (Phase 1) — Trade Manager,Phase 1 - DEV Checkpoints,"September 10, 2025 2:39 PM (MDT)",,D O,Complete,"Driver: SnapTrade submit/cancel, ack mapping, partial fills, status poller, saga reconciliation."
P1-A-062,Observability,P1-A,D O,"September 20, 2025",,Yes,,,,,1,P2,"Overall Progress (https://www.notion.so/Overall-Progress-26b0cff84158800895d8f002d83ce60f?pvs=21), Checkpoint A (https://www.notion.so/Checkpoint-A-26b0cff841588057af3dc03a145e5f92?pvs=21)",9) SLO-Aligned Default Settings,Phase 1 - DEV Checkpoints,"September 10, 2025 2:39 PM (MDT)",,D O,Complete,"Pub/Sub: per-subscription filters; ack deadlines sized to handler p95 + buffer; max delivery attempts (e.g., 5)."
P1-A-063,Observability,P1-A,D O,"September 20, 2025",,Yes,,,,,1,P2,"Overall Progress (https://www.notion.so/Overall-Progress-26b0cff84158800895d8f002d83ce60f?pvs=21), Checkpoint A (https://www.notion.so/Checkpoint-A-26b0cff841588057af3dc03a145e5f92?pvs=21)",9) SLO-Aligned Default Settings,Phase 1 - DEV Checkpoints,"September 10, 2025 2:39 PM (MDT)",,D O,Complete,Cloud Run: min instances for Execution Gateway/Trade Manager to absorb bursts; concurrency tuned per service.
P1-A-064,Observability,P1-A,D O,"September 20, 2025",,Yes,,,,,1,P2,"Overall Progress (https://www.notion.so/Overall-Progress-26b0cff84158800895d8f002d83ce60f?pvs=21), Checkpoint A (https://www.notion.so/Checkpoint-A-26b0cff841588057af3dc03a145e5f92?pvs=21)",9) SLO-Aligned Default Settings,Phase 1 - DEV Checkpoints,"September 10, 2025 2:39 PM (MDT)",,D O,Complete,Redis: lock TTLs sized to handler p95; token buckets (`tm:rl:{venue}`/`{account}`) for broker rate limits.
P1-A-065,Observability,P1-A,D O,"September 20, 2025",,Yes,,,,,1,P2,"Overall Progress (https://www.notion.so/Overall-Progress-26b0cff84158800895d8f002d83ce60f?pvs=21), Checkpoint A (https://www.notion.so/Checkpoint-A-26b0cff841588057af3dc03a145e5f92?pvs=21)",9) SLO-Aligned Default Settings,Phase 1 - DEV Checkpoints,"September 10, 2025 2:39 PM (MDT)",,D O,Complete,Cloud Spanner: batch mutations; retry aborted transactions with jitter; measure commit latency.
P1-A-066,Validation,P1-A,D O,"September 20, 2025",,Yes,,,,,1,P2,"Overall Progress (https://www.notion.so/Overall-Progress-26b0cff84158800895d8f002d83ce60f?pvs=21), Checkpoint A (https://www.notion.so/Checkpoint-A-26b0cff841588057af3dc03a145e5f92?pvs=21)",10) Smoke Tests,Phase 1 - DEV Checkpoints,"September 10, 2025 2:39 PM (MDT)",,D O,Complete,"Data path: trigger Data Loader once; verify `data_loader_runs` upsert, provider cursor updates, and `bars` published; `raw_price_data` rows present."
P1-A-067,Validation,P1-A,D O,"September 20, 2025",,Yes,,,,,1,P2,"Overall Progress (https://www.notion.so/Overall-Progress-26b0cff84158800895d8f002d83ce60f?pvs=21), Checkpoint A (https://www.notion.so/Checkpoint-A-26b0cff841588057af3dc03a145e5f92?pvs=21)",10) Smoke Tests,Phase 1 - DEV Checkpoints,"September 10, 2025 2:39 PM (MDT)",,D O,Complete,Inference path: inject a test `bars`; confirm feature upserts and `signals` publish.
P1-A-068,Validation,P1-A,D O,"September 20, 2025",,Yes,,,,,1,P2,"Overall Progress (https://www.notion.so/Overall-Progress-26b0cff84158800895d8f002d83ce60f?pvs=21), Checkpoint A (https://www.notion.so/Checkpoint-A-26b0cff841588057af3dc03a145e5f92?pvs=21)",10) Smoke Tests,Phase 1 - DEV Checkpoints,"September 10, 2025 2:39 PM (MDT)",,D O,Complete,Training loop: schedule or request a boundary; see `training_plans` upsert → `training.cmd` → Trainer run → GCS artifacts → `model_registry/available_strategies` update → `models.evt`.
P1-A-069,Validation,P1-A,D O,"September 20, 2025",,Yes,,,,,1,P2,"Overall Progress (https://www.notion.so/Overall-Progress-26b0cff84158800895d8f002d83ce60f?pvs=21), Checkpoint A (https://www.notion.so/Checkpoint-A-26b0cff841588057af3dc03a145e5f92?pvs=21)",10) Smoke Tests,Phase 1 - DEV Checkpoints,"September 10, 2025 2:38 PM (MDT)",,D O,Complete,Portfolio/Intent path: publish a `signals` flip; verify `template.rebalance.intent` then `account.intent.ready` with deterministic `intent_id`.
P1-A-070,Validation,P1-A,D O,"September 20, 2025",,Yes,,,,,1,P2,"Overall Progress (https://www.notion.so/Overall-Progress-26b0cff84158800895d8f002d83ce60f?pvs=21), Checkpoint A (https://www.notion.so/Checkpoint-A-26b0cff841588057af3dc03a145e5f92?pvs=21)",10) Smoke Tests,Phase 1 - DEV Checkpoints,"September 10, 2025 2:39 PM (MDT)",,D O,Complete,Risk→Trade path: push `account.intent.ready`; verify `risk.approved` → Execution Gateway writes `execution_plans/orders` and publishes `orders.cmd`; Trade Manager emits `orders.evt` including ack/fill; Gateway reconciles.
P1-B-001,Contracts,P1-B,D O,"September 23, 2025",Cloud Scheduler,Yes,,,,,1,P2,"Overall Progress (https://www.notion.so/Overall-Progress-26b0cff84158800895d8f002d83ce60f?pvs=21), Checkpoint B (https://www.notion.so/Checkpoint-B-26b0cff84158809cb4c7c639030d5f00?pvs=21)",1) Development & Integration Plan — Cloud Scheduler,Phase 1 - DEV Checkpoints,"September 23, 2025 6:03 PM (MDT)",,D O,Complete,Implement job: Cron fires hourly and calls the Data Loader’s HTTPS endpoint (Cloud Run Job).
P1-B-002,Contracts,P1-B,D O,"September 23, 2025",Cloud Scheduler,Yes,,,,,1,P2,"Overall Progress (https://www.notion.so/Overall-Progress-26b0cff84158800895d8f002d83ce60f?pvs=21), Checkpoint B (https://www.notion.so/Checkpoint-B-26b0cff84158809cb4c7c639030d5f00?pvs=21)",1) Development & Integration Plan — Cloud Scheduler,Phase 1 - DEV Checkpoints,"September 23, 2025 6:03 PM (MDT)",,D O,Complete,Authentication: Use OIDC with the dedicated service account; restrict `run.invoker` to that principal; set audience to the Data Loader URL.
P1-B-003,Contracts,P1-B,D O,"September 23, 2025",Cloud Scheduler,Yes,,,,,1,P2,"Overall Progress (https://www.notion.so/Overall-Progress-26b0cff84158800895d8f002d83ce60f?pvs=21), Checkpoint B (https://www.notion.so/Checkpoint-B-26b0cff84158809cb4c7c639030d5f00?pvs=21)",1) Development & Integration Plan — Cloud Scheduler,Phase 1 - DEV Checkpoints,"September 23, 2025 6:03 PM (MDT)",,D O,Complete,"Payload & correlation: Build a deterministic `correlation_id` from scheduled fire time and region; send a compact JSON body `{run_id, scheduled_fire_time, region, dry_run?, backfill_hours?}`."
P1-B-004,Contracts,P1-B,D O,"September 23, 2025",Cloud Scheduler,Yes,,,,,1,P2,"Overall Progress (https://www.notion.so/Overall-Progress-26b0cff84158800895d8f002d83ce60f?pvs=21), Checkpoint B (https://www.notion.so/Checkpoint-B-26b0cff84158809cb4c7c639030d5f00?pvs=21)",1) Development & Integration Plan — Cloud Scheduler,Phase 1 - DEV Checkpoints,"September 23, 2025 6:03 PM (MDT)",,D O,Complete,Retries & windowing: Configure bounded retries for non-2xx responses with a window shorter than the ingest interval; rely on the Loader’s idempotent run lock.
P1-B-005,Contracts,P1-B,D O,"September 23, 2025",Cloud Scheduler,Yes,,,,,1,P2,"Overall Progress (https://www.notion.so/Overall-Progress-26b0cff84158800895d8f002d83ce60f?pvs=21), Checkpoint B (https://www.notion.so/Checkpoint-B-26b0cff84158809cb4c7c639030d5f00?pvs=21)",1) Development & Integration Plan — Cloud Scheduler,Phase 1 - DEV Checkpoints,"September 23, 2025 6:03 PM (MDT)",,D O,Complete,"Observability: Emit structured logs with `correlation_id`, `scheduled_fire_time`; alert on consecutive failures."
P1-B-006,Contracts,P1-B,D O,"September 27, 2025",Data Loader,Yes,,,,,1,P2,"Overall Progress (https://www.notion.so/Overall-Progress-26b0cff84158800895d8f002d83ce60f?pvs=21), Checkpoint B (https://www.notion.so/Checkpoint-B-26b0cff84158809cb4c7c639030d5f00?pvs=21)",1) Development & Integration Plan — Data Loader,Phase 1 - DEV Checkpoints,"September 23, 2025 6:39 PM (MDT)",,D O,Complete,"Develop service: Cloud Run Job that acquires a global run lock `dl:run:{run_id}`, inserts a `data_loader_runs` record (`status: running`), discovers the asset universe from `active_assets`, and plans per-asset windows from `provider_cursor`. Concurrency is bounded to respect provider rate limits."
P1-B-007,Contracts,P1-B,D O,"September 27, 2025",Data Loader,Yes,,,,,1,P2,"Overall Progress (https://www.notion.so/Overall-Progress-26b0cff84158800895d8f002d83ce60f?pvs=21), Checkpoint B (https://www.notion.so/Checkpoint-B-26b0cff84158809cb4c7c639030d5f00?pvs=21)",1) Development & Integration Plan — Data Loader,Phase 1 - DEV Checkpoints,"September 23, 2025 6:39 PM (MDT)",,D O,Complete,"Fetch & normalize: Retrieve hourly bars, normalize to canonical fields `{asset, ts, o, h, l, c, v, provider_source, adjusted}`, UTC/hourly aligned, with backoff on 5xx/429. Handle split detection/adjustment and continuity validation against prior data."
P1-B-008,Contracts,P1-B,D O,"September 27, 2025",Data Loader,Yes,,,,,1,P2,"Overall Progress (https://www.notion.so/Overall-Progress-26b0cff84158800895d8f002d83ce60f?pvs=21), Checkpoint B (https://www.notion.so/Checkpoint-B-26b0cff84158809cb4c7c639030d5f00?pvs=21)",1) Development & Integration Plan — Data Loader,Phase 1 - DEV Checkpoints,"September 23, 2025 6:39 PM (MDT)",,D O,Complete,"Data persistence: Bulk upsert to `raw_price_data` keyed by `(asset, ts)` (unique index), then advance `provider_cursor.last_ingested_ts` to the max written `ts`."
P1-B-009,Contracts,P1-B,D O,"September 27, 2025",Data Loader,Yes,,,,,1,P2,"Overall Progress (https://www.notion.so/Overall-Progress-26b0cff84158800895d8f002d83ce60f?pvs=21), Checkpoint B (https://www.notion.so/Checkpoint-B-26b0cff84158809cb4c7c639030d5f00?pvs=21)",1) Development & Integration Plan — Data Loader,Phase 1 - DEV Checkpoints,"September 23, 2025 6:39 PM (MDT)",,D O,Complete,"Event publishing: Publish a `bars` event per updated asset with `asset`, `from_ts`, `to_ts`, `max_ts_ingested`, `provider`, `correlation_id`; ordering key is `asset`."
P1-B-010,Contracts,P1-B,D O,"September 27, 2025",Data Loader,Yes,,,,,1,P2,"Overall Progress (https://www.notion.so/Overall-Progress-26b0cff84158800895d8f002d83ce60f?pvs=21), Checkpoint B (https://www.notion.so/Checkpoint-B-26b0cff84158809cb4c7c639030d5f00?pvs=21)",1) Development & Integration Plan — Data Loader,Phase 1 - DEV Checkpoints,"September 23, 2025 6:39 PM (MDT)",,D O,Complete,"Accounting: Finalize `data_loader_runs` with counters, latencies, partial failures; release the run lock."
P1-B-011,Contracts,P1-B,D O,"September 27, 2025",Data Loader,Yes,,,,,1,P2,"Overall Progress (https://www.notion.so/Overall-Progress-26b0cff84158800895d8f002d83ce60f?pvs=21), Checkpoint B (https://www.notion.so/Checkpoint-B-26b0cff84158809cb4c7c639030d5f00?pvs=21)",1) Development & Integration Plan — Data Loader,Phase 1 - DEV Checkpoints,"September 23, 2025 6:39 PM (MDT)",,D O,Complete,"Collections & indexes (must exist): `active_assets`, `raw_price_data` (unique `(asset, ts)` + `ts desc`), `provider_cursor`, `data_loader_runs`."
P1-B-012,Contracts,P1-B,D O,"October 14, 2025",Inference Worker,Yes,,,,,1,P2,"Overall Progress (https://www.notion.so/Overall-Progress-26b0cff84158800895d8f002d83ce60f?pvs=21), Checkpoint B (https://www.notion.so/Checkpoint-B-26b0cff84158809cb4c7c639030d5f00?pvs=21)",1) Development & Integration Plan — Inference Worker,Phase 1 - DEV Checkpoints,"September 27, 2025 1:59 PM (MDT)",,D O,Complete,Develop service: Subscriber to `bars` (ordered by `asset`) that acquires `asset:lock:{symbol}` and processes one asset per event.
P1-B-013,Contracts,P1-B,D O,"October 14, 2025",Inference Worker,Yes,,,,,1,P2,"Overall Progress (https://www.notion.so/Overall-Progress-26b0cff84158800895d8f002d83ce60f?pvs=21), Checkpoint B (https://www.notion.so/Checkpoint-B-26b0cff84158809cb4c7c639030d5f00?pvs=21)",1) Development & Integration Plan — Inference Worker,Phase 1 - DEV Checkpoints,"September 27, 2025 1:59 PM (MDT)",,D O,Complete,"Pre-load artifacts (for this checkpoint): Upload a sample model, scalers, and feature metadata (`selected_features`, `transform_log`) to GCS and MongoDB; resolve the current version via `ModelRegistry` at runtime."
P1-B-014,Contracts,P1-B,D O,"October 14, 2025",Inference Worker,Yes,,,,,1,P2,"Overall Progress (https://www.notion.so/Overall-Progress-26b0cff84158800895d8f002d83ce60f?pvs=21), Checkpoint B (https://www.notion.so/Checkpoint-B-26b0cff84158809cb4c7c639030d5f00?pvs=21)",1) Development & Integration Plan — Inference Worker,Phase 1 - DEV Checkpoints,"September 27, 2025 1:59 PM (MDT)",,D O,Complete,"Stateful inference: Read `raw_price_data` for new timestamps; materialize features; if the strategy is RL, update `rl_predictions` and `sharpe_series`; produce the final regime prediction (+1/−1)."
P1-B-015,Contracts,P1-B,D O,"October 14, 2025",Inference Worker,Yes,,,,,1,P2,"Overall Progress (https://www.notion.so/Overall-Progress-26b0cff84158800895d8f002d83ce60f?pvs=21), Checkpoint B (https://www.notion.so/Checkpoint-B-26b0cff84158809cb4c7c639030d5f00?pvs=21)",1) Development & Integration Plan — Inference Worker,Phase 1 - DEV Checkpoints,"September 27, 2025 1:59 PM (MDT)",,D O,Complete,"Persistence: Upsert `Features`, `Signals`, and update `InferenceState.last_predicted_ts` for the asset."
P1-B-016,Contracts,P1-B,D O,"October 14, 2025",Inference Worker,Yes,,,,,1,P2,"Overall Progress (https://www.notion.so/Overall-Progress-26b0cff84158800895d8f002d83ce60f?pvs=21), Checkpoint B (https://www.notion.so/Checkpoint-B-26b0cff84158809cb4c7c639030d5f00?pvs=21)",1) Development & Integration Plan — Inference Worker,Phase 1 - DEV Checkpoints,"September 27, 2025 1:59 PM (MDT)",,D O,Complete,"Event publishing: Publish a `signals` event with `asset`, `last_scored_ts`, `model_version`, `changed_count`, and `correlation_id`; ordering key is `asset`."
P1-B-017,Validation,P1-B,D O,"October 14, 2025",,Yes,,,,,1,P2,"Overall Progress (https://www.notion.so/Overall-Progress-26b0cff84158800895d8f002d83ce60f?pvs=21), Checkpoint B (https://www.notion.so/Checkpoint-B-26b0cff84158809cb4c7c639030d5f00?pvs=21)",2) Testing & Validation Checklist,Phase 1 - DEV Checkpoints,"October 14, 2025 4:46 PM (MDT)",,D O,Complete,"Unit tests: Core logic covered for each service (normalization, feature transforms, lock acquisition/idempotency). (See Loader and Worker “Key Processes” for boundaries to test.)"
P1-B-018,Validation,P1-B,D O,"October 14, 2025",,Yes,,,,,1,P2,"Overall Progress (https://www.notion.so/Overall-Progress-26b0cff84158800895d8f002d83ce60f?pvs=21), Checkpoint B (https://www.notion.so/Checkpoint-B-26b0cff84158809cb4c7c639030d5f00?pvs=21)",2) Testing & Validation Checklist,Phase 1 - DEV Checkpoints,"October 14, 2025 4:45 PM (MDT)",,D O,Complete,Manual trigger: Execute the Cloud Scheduler job once (or invoke the Data Loader endpoint with the same payload schema).
P1-B-019,Validation,P1-B,D O,"October 14, 2025",,Yes,,,,,1,P2,"Overall Progress (https://www.notion.so/Overall-Progress-26b0cff84158800895d8f002d83ce60f?pvs=21), Checkpoint B (https://www.notion.so/Checkpoint-B-26b0cff84158809cb4c7c639030d5f00?pvs=21)",2) Testing & Validation Checklist,Phase 1 - DEV Checkpoints,"October 14, 2025 4:45 PM (MDT)",,D O,Complete,`data_loader_runs` has an entry for `run_id` with `status: running` at start; finalized with counters at end.
P1-B-020,Validation,P1-B,D O,"October 14, 2025",,Yes,,,,,1,P2,"Overall Progress (https://www.notion.so/Overall-Progress-26b0cff84158800895d8f002d83ce60f?pvs=21), Checkpoint B (https://www.notion.so/Checkpoint-B-26b0cff84158809cb4c7c639030d5f00?pvs=21)",2) Testing & Validation Checklist,Phase 1 - DEV Checkpoints,"October 14, 2025 4:45 PM (MDT)",,D O,Complete,Logs show authenticated OIDC call and provider connectivity.
P1-B-021,Validation,P1-B,D O,"October 14, 2025",,Yes,,,,,1,P2,"Overall Progress (https://www.notion.so/Overall-Progress-26b0cff84158800895d8f002d83ce60f?pvs=21), Checkpoint B (https://www.notion.so/Checkpoint-B-26b0cff84158809cb4c7c639030d5f00?pvs=21)",2) Testing & Validation Checklist,Phase 1 - DEV Checkpoints,"October 14, 2025 4:45 PM (MDT)",,D O,Complete,"`raw_price_data` upserts present for the window; unique `(asset, ts)` respected."
P1-B-022,Validation,P1-B,D O,"October 14, 2025",,Yes,,,,,1,P2,"Overall Progress (https://www.notion.so/Overall-Progress-26b0cff84158800895d8f002d83ce60f?pvs=21), Checkpoint B (https://www.notion.so/Checkpoint-B-26b0cff84158809cb4c7c639030d5f00?pvs=21)",2) Testing & Validation Checklist,Phase 1 - DEV Checkpoints,"October 14, 2025 4:45 PM (MDT)",,D O,Complete,`provider_cursor.last_ingested_ts` advanced to the max written `ts`.
P1-B-023,Validation,P1-B,D O,"October 14, 2025",,Yes,,,,,1,P2,"Overall Progress (https://www.notion.so/Overall-Progress-26b0cff84158800895d8f002d83ce60f?pvs=21), Checkpoint B (https://www.notion.so/Checkpoint-B-26b0cff84158809cb4c7c639030d5f00?pvs=21)",2) Testing & Validation Checklist,Phase 1 - DEV Checkpoints,"October 14, 2025 4:45 PM (MDT)",,D O,Complete,Pub/Sub shows a `bars` message with attributes including `asset` and `correlation_id` and ordering by `asset`.
P1-B-024,Validation,P1-B,D O,"October 14, 2025",,Yes,,,,,1,P2,"Overall Progress (https://www.notion.so/Overall-Progress-26b0cff84158800895d8f002d83ce60f?pvs=21), Checkpoint B (https://www.notion.so/Checkpoint-B-26b0cff84158809cb4c7c639030d5f00?pvs=21)",2) Testing & Validation Checklist,Phase 1 - DEV Checkpoints,"October 14, 2025 4:45 PM (MDT)",,D O,Complete,Logs show receipt of the `bars` event and acquisition/release of `asset:lock:{symbol}`.
P1-B-025,Validation,P1-B,D O,"October 14, 2025",,Yes,,,,,1,P2,"Overall Progress (https://www.notion.so/Overall-Progress-26b0cff84158800895d8f002d83ce60f?pvs=21), Checkpoint B (https://www.notion.so/Checkpoint-B-26b0cff84158809cb4c7c639030d5f00?pvs=21)",2) Testing & Validation Checklist,Phase 1 - DEV Checkpoints,"October 14, 2025 4:45 PM (MDT)",,D O,Complete,New rows in `Features` and `Signals` at the expected timestamps; `InferenceState.last_predicted_ts` updated.
P1-B-026,Validation,P1-B,D O,"October 14, 2025",,Yes,,,,,1,P2,"Overall Progress (https://www.notion.so/Overall-Progress-26b0cff84158800895d8f002d83ce60f?pvs=21), Checkpoint B (https://www.notion.so/Checkpoint-B-26b0cff84158809cb4c7c639030d5f00?pvs=21)",2) Testing & Validation Checklist,Phase 1 - DEV Checkpoints,"October 14, 2025 4:45 PM (MDT)",,D O,Complete,`signals` event published with expected attributes.
P1-B-027,Validation,P1-B,D O,"October 14, 2025",,Yes,,,,,1,P2,"Overall Progress (https://www.notion.so/Overall-Progress-26b0cff84158800895d8f002d83ce60f?pvs=21), Checkpoint B (https://www.notion.so/Checkpoint-B-26b0cff84158809cb4c7c639030d5f00?pvs=21)",2) Testing & Validation Checklist,Phase 1 - DEV Checkpoints,"October 14, 2025 4:45 PM (MDT)",,D O,Complete,Trace the entire flow via `correlation_id` (Scheduler → Loader → `bars` → Worker → `signals`).
P1-B-028,Validation,P1-B,D O,"October 14, 2025",,Yes,,,,,1,P2,"Overall Progress (https://www.notion.so/Overall-Progress-26b0cff84158800895d8f002d83ce60f?pvs=21), Checkpoint B (https://www.notion.so/Checkpoint-B-26b0cff84158809cb4c7c639030d5f00?pvs=21)",2) Testing & Validation Checklist,Phase 1 - DEV Checkpoints,"October 14, 2025 4:45 PM (MDT)",,D O,Complete,"Check bus/service dashboards: backlog age, ack latency, DLQ counts, service latency/error rates."
P1-C-001,Contracts,P1-C,,,Training Scheduler,No,,,,,1,P2,"Overall Progress (https://www.notion.so/Overall-Progress-26b0cff84158800895d8f002d83ce60f?pvs=21), Checkpoint C (https://www.notion.so/Checkpoint-C-26b0cff841588032844dfee8da09e2bb?pvs=21)",1) Development & Integration Plan — Training Scheduler,Phase 1 - DEV Checkpoints,"October 14, 2025 4:45 PM (MDT)",,D O,Started,Develop service: Cloud Run Job triggered by cron (weekend retrains) and by a subscriber that consumes `training.requested` for on-demand catch-up. The job acquires a short run lock and orchestrates plan creation only (no training).
P1-C-002,Contracts,P1-C,D O,"October 21, 2025",Training Scheduler,Yes,,,,,1,P2,"Overall Progress (https://www.notion.so/Overall-Progress-26b0cff84158800895d8f002d83ce60f?pvs=21), Checkpoint C (https://www.notion.so/Checkpoint-C-26b0cff841588032844dfee8da09e2bb?pvs=21)",1) Development & Integration Plan — Training Scheduler,Phase 1 - DEV Checkpoints,"October 21, 2025 4:49 PM (MDT)",,D O,Complete,"Boundary logic: Discover eligible assets, resolve the correct boundary window using venue exchange calendars, compute `data_end` as the last bar strictly before the boundary, and skip assets with no new data since the prior successful run."
P1-C-003,Contracts,P1-C,D O,"October 2, 2025",Training Scheduler,Yes,,,,,1,P2,"Overall Progress (https://www.notion.so/Overall-Progress-26b0cff84158800895d8f002d83ce60f?pvs=21), Checkpoint C (https://www.notion.so/Checkpoint-C-26b0cff841588032844dfee8da09e2bb?pvs=21)",1) Development & Integration Plan — Training Scheduler,Phase 1 - DEV Checkpoints,"October 2, 2025 3:53 PM (MDT)",,D O,Complete,"Deduplication: Check `training_runs` for an existing success for `(asset, boundary_time)`; if present, do not emit a new command. Maintain a unique `run_id = asset + boundary_time` convention for later Trainer dedupe."
P1-C-004,Contracts,P1-C,D O,"October 2, 2025",Training Scheduler,Yes,,,,,1,P2,"Overall Progress (https://www.notion.so/Overall-Progress-26b0cff84158800895d8f002d83ce60f?pvs=21), Checkpoint C (https://www.notion.so/Checkpoint-C-26b0cff841588032844dfee8da09e2bb?pvs=21)",1) Development & Integration Plan — Training Scheduler,Phase 1 - DEV Checkpoints,"October 2, 2025 3:53 PM (MDT)",,D O,Complete,"Plan persistence: Upsert a record in `training_plans` with `asset`, `boundary_time`, `data_end`, `reason` (`cron` or `boundary`), and `status: planned`."
P1-C-005,Contracts,P1-C,D O,"October 2, 2025",Training Scheduler,Yes,,,,,1,P2,"Overall Progress (https://www.notion.so/Overall-Progress-26b0cff84158800895d8f002d83ce60f?pvs=21), Checkpoint C (https://www.notion.so/Checkpoint-C-26b0cff841588032844dfee8da09e2bb?pvs=21)",1) Development & Integration Plan — Training Scheduler,Phase 1 - DEV Checkpoints,"October 2, 2025 3:53 PM (MDT)",,D O,Complete,"Event publishing: Publish one `training.cmd` per eligible plan (ordering key = `asset`) with attributes `{asset, boundary_time, data_end, reason, correlation_id}`."
P1-C-006,Contracts,P1-C,D O,"October 21, 2025",Training Scheduler,Yes,,,,,1,P2,"Overall Progress (https://www.notion.so/Overall-Progress-26b0cff84158800895d8f002d83ce60f?pvs=21), Checkpoint C (https://www.notion.so/Checkpoint-C-26b0cff841588032844dfee8da09e2bb?pvs=21)",1) Development & Integration Plan — Training Scheduler,Phase 1 - DEV Checkpoints,"October 21, 2025 4:49 PM (MDT)",,D O,Complete,Run lock & metrics: Use Redis `tsched:run:{run_id}` to serialize cron runs; record basic counters and release the lock.
P1-C-007,Contracts,P1-C,D O,"October 2, 2025",Trainer,Yes,,,,,1,P2,"Overall Progress (https://www.notion.so/Overall-Progress-26b0cff84158800895d8f002d83ce60f?pvs=21), Checkpoint C (https://www.notion.so/Checkpoint-C-26b0cff841588032844dfee8da09e2bb?pvs=21)",1) Development & Integration Plan — Trainer,Phase 1 - DEV Checkpoints,"October 2, 2025 3:53 PM (MDT)",,D O,Complete,Develop service: Cloud Run Job subscribed to `training.cmd`. Acquire a per-asset training lock `trainlock:asset:{asset}`; create `training_runs` with `status: running` and `run_id` for dedupe.
P1-C-008,Contracts,P1-C,D O,"October 21, 2025",Trainer,Yes,,,,,1,P2,"Overall Progress (https://www.notion.so/Overall-Progress-26b0cff84158800895d8f002d83ce60f?pvs=21), Checkpoint C (https://www.notion.so/Checkpoint-C-26b0cff841588032844dfee8da09e2bb?pvs=21)",1) Development & Integration Plan — Trainer,Phase 1 - DEV Checkpoints,"October 21, 2025 4:49 PM (MDT)",,D O,Complete,"Stage B — Boundary & data cut: Compute the window `[window_start, window_end]` for the boundary; set `data_end` to the last bar before boundary; validate `raw_price_data` coverage and split adjustments."
P1-C-009,Contracts,P1-C,D O,"October 21, 2025",Trainer,Yes,,,,,1,P2,"Overall Progress (https://www.notion.so/Overall-Progress-26b0cff84158800895d8f002d83ce60f?pvs=21), Checkpoint C (https://www.notion.so/Checkpoint-C-26b0cff841588032844dfee8da09e2bb?pvs=21)",1) Development & Integration Plan — Trainer,Phase 1 - DEV Checkpoints,"October 21, 2025 4:49 PM (MDT)",,D O,Complete,Stage C — Feature engineering & selection:
P1-C-010,Contracts,P1-C,D O,"October 21, 2025",Trainer,Yes,,,,,1,P2,"Overall Progress (https://www.notion.so/Overall-Progress-26b0cff84158800895d8f002d83ce60f?pvs=21), Checkpoint C (https://www.notion.so/Checkpoint-C-26b0cff841588032844dfee8da09e2bb?pvs=21)",1) Development & Integration Plan — Trainer,Phase 1 - DEV Checkpoints,"October 21, 2025 4:49 PM (MDT)",,D O,Complete,Stage D — RF baseline:
P1-C-011,Contracts,P1-C,D O,"October 21, 2025",Trainer,Yes,,,,,1,P2,"Overall Progress (https://www.notion.so/Overall-Progress-26b0cff84158800895d8f002d83ce60f?pvs=21), Checkpoint C (https://www.notion.so/Checkpoint-C-26b0cff841588032844dfee8da09e2bb?pvs=21)",1) Development & Integration Plan — Trainer,Phase 1 - DEV Checkpoints,"October 21, 2025 4:49 PM (MDT)",,D O,Complete,Stage E — RL pipeline:
P1-C-012,Contracts,P1-C,D O,"October 21, 2025",Trainer,Yes,,,,,1,P2,"Overall Progress (https://www.notion.so/Overall-Progress-26b0cff84158800895d8f002d83ce60f?pvs=21), Checkpoint C (https://www.notion.so/Checkpoint-C-26b0cff841588032844dfee8da09e2bb?pvs=21)",1) Development & Integration Plan — Trainer,Phase 1 - DEV Checkpoints,"October 21, 2025 4:50 PM (MDT)",,D O,Complete,Stage F — Strategy generation & selection:
P1-C-013,Contracts,P1-C,D O,"October 21, 2025",Trainer,Yes,,,,,1,P2,"Overall Progress (https://www.notion.so/Overall-Progress-26b0cff84158800895d8f002d83ce60f?pvs=21), Checkpoint C (https://www.notion.so/Checkpoint-C-26b0cff841588032844dfee8da09e2bb?pvs=21)",1) Development & Integration Plan — Trainer,Phase 1 - DEV Checkpoints,"October 21, 2025 4:50 PM (MDT)",,D O,Complete,Stage G — Packaging & registry update:
P1-C-014,Contracts,P1-C,D O,"October 21, 2025",Trainer,Yes,,,,,1,P2,"Overall Progress (https://www.notion.so/Overall-Progress-26b0cff84158800895d8f002d83ce60f?pvs=21), Checkpoint C (https://www.notion.so/Checkpoint-C-26b0cff841588032844dfee8da09e2bb?pvs=21)",1) Development & Integration Plan — Trainer,Phase 1 - DEV Checkpoints,"October 21, 2025 4:50 PM (MDT)",,D O,Complete,Collections & indexes:
P1-C-015,Contracts,P1-C,D O,"October 2, 2025",Trainer,Yes,,,,,1,P2,"Overall Progress (https://www.notion.so/Overall-Progress-26b0cff84158800895d8f002d83ce60f?pvs=21), Checkpoint C (https://www.notion.so/Checkpoint-C-26b0cff841588032844dfee8da09e2bb?pvs=21)",1) Development & Integration Plan — Trainer,Phase 1 - DEV Checkpoints,"October 2, 2025 3:53 PM (MDT)",,D O,Complete,Idempotency & retries:
P1-C-016,Contracts,P1-C,D O,"October 21, 2025",Trainer,Yes,,,,,1,P2,"Overall Progress (https://www.notion.so/Overall-Progress-26b0cff84158800895d8f002d83ce60f?pvs=21), Checkpoint C (https://www.notion.so/Checkpoint-C-26b0cff841588032844dfee8da09e2bb?pvs=21)",1) Development & Integration Plan — Trainer,Phase 1 - DEV Checkpoints,"October 21, 2025 4:50 PM (MDT)",,D O,Complete,Operating modes:
P1-C-017,Validation,P1-C,,,,No,,,,,1,P2,"Overall Progress (https://www.notion.so/Overall-Progress-26b0cff84158800895d8f002d83ce60f?pvs=21), Checkpoint C (https://www.notion.so/Checkpoint-C-26b0cff841588032844dfee8da09e2bb?pvs=21)",2) Testing & Validation Checklist,Phase 1 - DEV Checkpoints,"October 21, 2025 4:51 PM (MDT)",,D O,Started,Unit tests:
P1-C-018,Validation,P1-C,D O,"October 21, 2025",,Yes,,,,,1,P2,"Overall Progress (https://www.notion.so/Overall-Progress-26b0cff84158800895d8f002d83ce60f?pvs=21), Checkpoint C (https://www.notion.so/Checkpoint-C-26b0cff841588032844dfee8da09e2bb?pvs=21)",2) Testing & Validation Checklist,Phase 1 - DEV Checkpoints,"October 21, 2025 4:50 PM (MDT)",,D O,Complete,Manually trigger the Scheduler’s cron.
P1-C-019,Validation,P1-C,D O,"October 2, 2025",,Yes,,,,,1,P2,"Overall Progress (https://www.notion.so/Overall-Progress-26b0cff84158800895d8f002d83ce60f?pvs=21), Checkpoint C (https://www.notion.so/Checkpoint-C-26b0cff841588032844dfee8da09e2bb?pvs=21)",2) Testing & Validation Checklist,Phase 1 - DEV Checkpoints,"October 2, 2025 3:53 PM (MDT)",,D O,Complete,Verify a `training_plans` document is upserted with `status: planned`.
P1-C-020,Validation,P1-C,D O,"October 2, 2025",,Yes,,,,,1,P2,"Overall Progress (https://www.notion.so/Overall-Progress-26b0cff84158800895d8f002d83ce60f?pvs=21), Checkpoint C (https://www.notion.so/Checkpoint-C-26b0cff841588032844dfee8da09e2bb?pvs=21)",2) Testing & Validation Checklist,Phase 1 - DEV Checkpoints,"October 2, 2025 3:53 PM (MDT)",,D O,Complete,Confirm a `training.cmd` is published (ordering by `asset`).
P1-C-021,Validation,P1-C,D O,"October 2, 2025",,Yes,,,,,1,P2,"Overall Progress (https://www.notion.so/Overall-Progress-26b0cff84158800895d8f002d83ce60f?pvs=21), Checkpoint C (https://www.notion.so/Checkpoint-C-26b0cff841588032844dfee8da09e2bb?pvs=21)",2) Testing & Validation Checklist,Phase 1 - DEV Checkpoints,"October 2, 2025 3:53 PM (MDT)",,D O,Complete,Logs show receipt of `training.cmd` and acquisition of `trainlock:asset:{asset}`; `training_runs` is created and transitions to `status: success`.
P1-C-022,Validation,P1-C,,,,No,,,,,1,P2,"Overall Progress (https://www.notion.so/Overall-Progress-26b0cff84158800895d8f002d83ce60f?pvs=21), Checkpoint C (https://www.notion.so/Checkpoint-C-26b0cff841588032844dfee8da09e2bb?pvs=21)",2) Testing & Validation Checklist,Phase 1 - DEV Checkpoints,"October 21, 2025 4:50 PM (MDT)",,D O,Started,"Spot-check intermediate collections: `selected_features`, `proba_data_RF_Probas`, `rl_predictions`, `sharpe_series`, `walkforward_results_RL_Backtest`."
P1-C-023,Validation,P1-C,,,,No,,,,,1,P2,"Overall Progress (https://www.notion.so/Overall-Progress-26b0cff84158800895d8f002d83ce60f?pvs=21), Checkpoint C (https://www.notion.so/Checkpoint-C-26b0cff841588032844dfee8da09e2bb?pvs=21)",2) Testing & Validation Checklist,Phase 1 - DEV Checkpoints,"October 21, 2025 4:51 PM (MDT)",,D O,Started,Verify a new versioned folder with artifacts exists in GCS and includes `metadata.json`.
P1-C-024,Validation,P1-C,D O,"October 21, 2025",,Yes,,,,,1,P2,"Overall Progress (https://www.notion.so/Overall-Progress-26b0cff84158800895d8f002d83ce60f?pvs=21), Checkpoint C (https://www.notion.so/Checkpoint-C-26b0cff841588032844dfee8da09e2bb?pvs=21)",2) Testing & Validation Checklist,Phase 1 - DEV Checkpoints,"October 21, 2025 4:50 PM (MDT)",,D O,Complete,Confirm ModelRegistry and available_strategies updated with version/metrics/choice.
P1-C-025,Validation,P1-C,D O,"October 2, 2025",,Yes,,,,,1,P2,"Overall Progress (https://www.notion.so/Overall-Progress-26b0cff84158800895d8f002d83ce60f?pvs=21), Checkpoint C (https://www.notion.so/Checkpoint-C-26b0cff841588032844dfee8da09e2bb?pvs=21)",2) Testing & Validation Checklist,Phase 1 - DEV Checkpoints,"October 2, 2025 6:13 PM (MDT)",,D O,Complete,Verify a `models.evt` message was published.
P1-C-026,Validation,P1-C,,,,No,,,,,1,P2,"Overall Progress (https://www.notion.so/Overall-Progress-26b0cff84158800895d8f002d83ce60f?pvs=21), Checkpoint C (https://www.notion.so/Checkpoint-C-26b0cff841588032844dfee8da09e2bb?pvs=21)",2) Testing & Validation Checklist,Phase 1 - DEV Checkpoints,"October 21, 2025 4:51 PM (MDT)",,D O,Started,"Publish a `training.requested {asset, boundary_time, reason: ""catchup""}`."
P1-C-027,Validation,P1-C,,,,No,,,,,1,P2,"Overall Progress (https://www.notion.so/Overall-Progress-26b0cff84158800895d8f002d83ce60f?pvs=21), Checkpoint C (https://www.notion.so/Checkpoint-C-26b0cff841588032844dfee8da09e2bb?pvs=21)",2) Testing & Validation Checklist,Phase 1 - DEV Checkpoints,"October 21, 2025 4:51 PM (MDT)",,D O,Started,Confirm Scheduler consumes and forwards through `training_plans` → `training.cmd`.
P1-C-028,Validation,P1-C,,,,No,,,,,1,P2,"Overall Progress (https://www.notion.so/Overall-Progress-26b0cff84158800895d8f002d83ce60f?pvs=21), Checkpoint C (https://www.notion.so/Checkpoint-C-26b0cff841588032844dfee8da09e2bb?pvs=21)",2) Testing & Validation Checklist,Phase 1 - DEV Checkpoints,"October 21, 2025 4:51 PM (MDT)",,D O,Started,"After Trainer completes, run the Checkpoint 1 data path again; verify the Inference Worker loads the new ModelRegistry.current_version and applies the updated artifacts on its next `bars` event."
P1-C-029,Validation,P1-C,,,,No,,,,,1,P2,"Overall Progress (https://www.notion.so/Overall-Progress-26b0cff84158800895d8f002d83ce60f?pvs=21), Checkpoint C (https://www.notion.so/Checkpoint-C-26b0cff841588032844dfee8da09e2bb?pvs=21)",2) Testing & Validation Checklist,Phase 1 - DEV Checkpoints,"October 21, 2025 4:51 PM (MDT)",,D O,Started,Correlate runs via `correlation_id` across Scheduler → Trainer → `models.evt`.
P1-C-030,Validation,P1-C,,,,No,,,,,1,P2,"Overall Progress (https://www.notion.so/Overall-Progress-26b0cff84158800895d8f002d83ce60f?pvs=21), Checkpoint C (https://www.notion.so/Checkpoint-C-26b0cff841588032844dfee8da09e2bb?pvs=21)",2) Testing & Validation Checklist,Phase 1 - DEV Checkpoints,"October 21, 2025 4:51 PM (MDT)",,D O,Started,"Check topic/subscription metrics (publish rate, oldest unacked age, backlog; ack latency, DLQ counts) and SLOs."
P1-D-001,Contracts,P1-D,,,Portfolio Engine,No,,,,,1,P2,"Overall Progress (https://www.notion.so/Overall-Progress-26b0cff84158800895d8f002d83ce60f?pvs=21), Checkpoint D (https://www.notion.so/Checkpoint-D-26b0cff84158809e9497c9b01e57085a?pvs=21)",1) Development & Integration Plan — Portfolio Engine,Phase 1 - DEV Checkpoints,,,,Not Started,"Develop service: Cloud Run service subscribing to `signals` and `template.admin`. Consume bursts, coalesce by template, compute new targets, persist a snapshot, and emit `template.rebalance.intent`."
P1-D-002,Contracts,P1-D,,,Portfolio Engine,No,,,,,1,P2,"Overall Progress (https://www.notion.so/Overall-Progress-26b0cff84158800895d8f002d83ce60f?pvs=21), Checkpoint D (https://www.notion.so/Checkpoint-D-26b0cff84158809e9497c9b01e57085a?pvs=21)",1) Development & Integration Plan — Portfolio Engine,Phase 1 - DEV Checkpoints,,,,Not Started,Debounce & lock: Set `pe:debounce:{template_id}` (short TTL) to coalesce multiple flips; then acquire `pe:lock:{template_id}` before solving.
P1-D-003,Contracts,P1-D,,,Portfolio Engine,No,,,,,1,P2,"Overall Progress (https://www.notion.so/Overall-Progress-26b0cff84158800895d8f002d83ce60f?pvs=21), Checkpoint D (https://www.notion.so/Checkpoint-D-26b0cff84158809e9497c9b01e57085a?pvs=21)",1) Development & Integration Plan — Portfolio Engine,Phase 1 - DEV Checkpoints,,,,Not Started,"Load context: `templates`, `template_specs` (gross/net targets, leverage), `template_rules` (bounds, turnover, cooldown, min-change), `template_membership`, `asset_metadata`; build a `TemplateContext`."
P1-D-004,Contracts,P1-D,,,Portfolio Engine,No,,,,,1,P2,"Overall Progress (https://www.notion.so/Overall-Progress-26b0cff84158800895d8f002d83ce60f?pvs=21), Checkpoint D (https://www.notion.so/Checkpoint-D-26b0cff84158809e9497c9b01e57085a?pvs=21)",1) Development & Integration Plan — Portfolio Engine,Phase 1 - DEV Checkpoints,,,,Not Started,"Snapshot signals: Read latest `Signals` for all constituents at or before the grouping time; materialize directions `{+1,−1,0}` after long-only/short flags."
P1-D-005,Contracts,P1-D,,,Portfolio Engine,No,,,,,1,P2,"Overall Progress (https://www.notion.so/Overall-Progress-26b0cff84158800895d8f002d83ce60f?pvs=21), Checkpoint D (https://www.notion.so/Checkpoint-D-26b0cff84158809e9497c9b01e57085a?pvs=21)",1) Development & Integration Plan — Portfolio Engine,Phase 1 - DEV Checkpoints,,,,Not Started,"Target solver: Start from base weights (equal or membership), apply sign by direction, normalize to meet gross (and net if required), clip to bounds, and derive a final TargetVector `{asset_id, target_weight, direction, rationale}`."
P1-D-006,Contracts,P1-D,,,Portfolio Engine,No,,,,,1,P2,"Overall Progress (https://www.notion.so/Overall-Progress-26b0cff84158800895d8f002d83ce60f?pvs=21), Checkpoint D (https://www.notion.so/Checkpoint-D-26b0cff84158809e9497c9b01e57085a?pvs=21)",1) Development & Integration Plan — Portfolio Engine,Phase 1 - DEV Checkpoints,,,,Not Started,"Guards & throttles: Compute diffs vs prior `template_targets`; if below min-change, skip. Enforce sector/single-name caps, turnover throttle, and cooldown windows."
P1-D-007,Contracts,P1-D,,,Portfolio Engine,No,,,,,1,P2,"Overall Progress (https://www.notion.so/Overall-Progress-26b0cff84158800895d8f002d83ce60f?pvs=21), Checkpoint D (https://www.notion.so/Checkpoint-D-26b0cff84158809e9497c9b01e57085a?pvs=21)",1) Development & Integration Plan — Portfolio Engine,Phase 1 - DEV Checkpoints,,,,Not Started,"Persist & emit: Upsert `template_targets {template_id, ts, target_vector, version, correlation_id}`; update `template_perf_metrics` if tracked; publish `template.rebalance.intent {template_id, ts, target_vector, version, reason, correlation_id}` (ordering key = `template_id`)."
P1-D-008,Contracts,P1-D,,,Portfolio Engine,No,,,,,1,P2,"Overall Progress (https://www.notion.so/Overall-Progress-26b0cff84158800895d8f002d83ce60f?pvs=21), Checkpoint D (https://www.notion.so/Checkpoint-D-26b0cff84158809e9497c9b01e57085a?pvs=21)",1) Development & Integration Plan — Portfolio Engine,Phase 1 - DEV Checkpoints,,,,Not Started,"Collections & indexes: `templates`, `template_specs`, `template_rules`, `template_membership`, `asset_metadata`, `signals`, `template_targets`, `template_perf_metrics`."
P1-D-009,Contracts,P1-D,,,Portfolio Engine,No,,,,,1,P2,"Overall Progress (https://www.notion.so/Overall-Progress-26b0cff84158800895d8f002d83ce60f?pvs=21), Checkpoint D (https://www.notion.so/Checkpoint-D-26b0cff84158809e9497c9b01e57085a?pvs=21)",1) Development & Integration Plan — Portfolio Engine,Phase 1 - DEV Checkpoints,,,,Not Started,Performance notes: Batch-load constituents; vectorize normalization; read only latest `Signals`.
P1-D-010,Contracts,P1-D,,,Portfolio Engine,No,,,,,1,P2,"Overall Progress (https://www.notion.so/Overall-Progress-26b0cff84158800895d8f002d83ce60f?pvs=21), Checkpoint D (https://www.notion.so/Checkpoint-D-26b0cff84158809e9497c9b01e57085a?pvs=21)",1) Development & Integration Plan — Portfolio Engine,Phase 1 - DEV Checkpoints,,,,Not Started,"Operating modes: Signal-driven, admin-driven, and backfill assist (still debounced per template)."
P1-D-011,Contracts,P1-D,,,Account Intent Builder,No,,,,,1,P2,"Overall Progress (https://www.notion.so/Overall-Progress-26b0cff84158800895d8f002d83ce60f?pvs=21), Checkpoint D (https://www.notion.so/Checkpoint-D-26b0cff84158809e9497c9b01e57085a?pvs=21)",1) Development & Integration Plan — Account Intent Builder,Phase 1 - DEV Checkpoints,,,,Not Started,"Develop service: Cloud Run service subscribing to `template.rebalance.intent` (and `account.admin`). Coalesce work, expand to member accounts, compute per-account deltas, round/filter, persist, and emit `account.intent.ready`."
P1-D-012,Contracts,P1-D,,,Account Intent Builder,No,,,,,1,P2,"Overall Progress (https://www.notion.so/Overall-Progress-26b0cff84158800895d8f002d83ce60f?pvs=21), Checkpoint D (https://www.notion.so/Checkpoint-D-26b0cff84158809e9497c9b01e57085a?pvs=21)",1) Development & Integration Plan — Account Intent Builder,Phase 1 - DEV Checkpoints,,,,Not Started,Debounce & batch: Set `ib:debounce:{template_id}` to group intents; batch and shard account work for concurrency with deterministic `work_id`.
P1-D-013,Contracts,P1-D,,,Account Intent Builder,No,,,,,1,P2,"Overall Progress (https://www.notion.so/Overall-Progress-26b0cff84158800895d8f002d83ce60f?pvs=21), Checkpoint D (https://www.notion.so/Checkpoint-D-26b0cff84158809e9497c9b01e57085a?pvs=21)",1) Development & Integration Plan — Account Intent Builder,Phase 1 - DEV Checkpoints,,,,Not Started,"Load context: For a given `{template_id, ts}`, load `template_targets` (snapshot), `accounts`, `account_prefs`, `template_membership`, `asset_metadata`, `rounding_rules`; optionally `account_holdings_snapshot` and Redis positions cache."
P1-D-014,Contracts,P1-D,,,Account Intent Builder,No,,,,,1,P2,"Overall Progress (https://www.notion.so/Overall-Progress-26b0cff84158800895d8f002d83ce60f?pvs=21), Checkpoint D (https://www.notion.so/Checkpoint-D-26b0cff84158809e9497c9b01e57085a?pvs=21)",1) Development & Integration Plan — Account Intent Builder,Phase 1 - DEV Checkpoints,,,,Not Started,"Sizing: Resolve `account_equity`/buying power (snapshot → fallback `accounts.base_capital`), apply leverage policy; compute `target_notional[a] = target_weight[a] * account_equity` with FX conversion if needed."
P1-D-015,Contracts,P1-D,,,Account Intent Builder,No,,,,,1,P2,"Overall Progress (https://www.notion.so/Overall-Progress-26b0cff84158800895d8f002d83ce60f?pvs=21), Checkpoint D (https://www.notion.so/Checkpoint-D-26b0cff84158809e9497c9b01e57085a?pvs=21)",1) Development & Integration Plan — Account Intent Builder,Phase 1 - DEV Checkpoints,,,,Not Started,"Delta: Compare to estimated current holdings to form `delta_notional`, side (buy/sell/close), and metadata (`template_version`, `ts`, `estimation_source`)."
P1-D-016,Contracts,P1-D,,,Account Intent Builder,No,,,,,1,P2,"Overall Progress (https://www.notion.so/Overall-Progress-26b0cff84158800895d8f002d83ce60f?pvs=21), Checkpoint D (https://www.notion.so/Checkpoint-D-26b0cff84158809e9497c9b01e57085a?pvs=21)",1) Development & Integration Plan — Account Intent Builder,Phase 1 - DEV Checkpoints,,,,Not Started,"Rounding & filters: Convert notionals to quantities using reference price; apply `lot_size`, `tick_size`, and account/venue `min_notional`; drop lines under `drift_threshold`; enforce account restrictions and clamp to limits."
P1-D-017,Contracts,P1-D,,,Account Intent Builder,No,,,,,1,P2,"Overall Progress (https://www.notion.so/Overall-Progress-26b0cff84158800895d8f002d83ce60f?pvs=21), Checkpoint D (https://www.notion.so/Checkpoint-D-26b0cff84158809e9497c9b01e57085a?pvs=21)",1) Development & Integration Plan — Account Intent Builder,Phase 1 - DEV Checkpoints,,,,Not Started,"Persist & emit: Build deterministic `intent_id = hash(template_id, template_version, account_id, ts)`; upsert `account_intents(intent_id)` with `status: ready`; publish `account.intent.ready {intent_id, account_id, template_id, template_version, ts, correlation_id}` (ordering key = `account_id`)."
P1-D-018,Contracts,P1-D,,,Account Intent Builder,No,,,,,1,P2,"Overall Progress (https://www.notion.so/Overall-Progress-26b0cff84158800895d8f002d83ce60f?pvs=21), Checkpoint D (https://www.notion.so/Checkpoint-D-26b0cff84158809e9497c9b01e57085a?pvs=21)",1) Development & Integration Plan — Account Intent Builder,Phase 1 - DEV Checkpoints,,,,Not Started,"Collections & indexes: `accounts`, `account_prefs`, `template_membership`, `template_targets`, `asset_metadata`, `rounding_rules`, `account_intents`, `account_holdings_snapshot`."
P1-D-019,Contracts,P1-D,,,Account Intent Builder,No,,,,,1,P2,"Overall Progress (https://www.notion.so/Overall-Progress-26b0cff84158800895d8f002d83ce60f?pvs=21), Checkpoint D (https://www.notion.so/Checkpoint-D-26b0cff84158809e9497c9b01e57085a?pvs=21)",1) Development & Integration Plan — Account Intent Builder,Phase 1 - DEV Checkpoints,,,,Not Started,"Idempotency & concurrency: Deterministic `intent_id`, idempotent upserts; no hard per-account lock here (Risk/Trade lock later). Missing rounding rules → reason code and dropped leg."
P1-D-020,Contracts,P1-D,,,Account Intent Builder,No,,,,,1,P2,"Overall Progress (https://www.notion.so/Overall-Progress-26b0cff84158800895d8f002d83ce60f?pvs=21), Checkpoint D (https://www.notion.so/Checkpoint-D-26b0cff84158809e9497c9b01e57085a?pvs=21)",1) Development & Integration Plan — Account Intent Builder,Phase 1 - DEV Checkpoints,,,,Not Started,Performance notes: Vectorize sizing across accounts; `$in` queries for prefs/membership; prefer Redis positions cache when present; drop micro-trades early.
P1-D-021,Validation,P1-D,,,,No,,,,,1,P2,"Overall Progress (https://www.notion.so/Overall-Progress-26b0cff84158800895d8f002d83ce60f?pvs=21), Checkpoint D (https://www.notion.so/Checkpoint-D-26b0cff84158809e9497c9b01e57085a?pvs=21)",2) Testing & Validation Checklist,Phase 1 - DEV Checkpoints,,,,Not Started,Unit tests:
P1-D-022,Validation,P1-D,,,,No,,,,,1,P2,"Overall Progress (https://www.notion.so/Overall-Progress-26b0cff84158800895d8f002d83ce60f?pvs=21), Checkpoint D (https://www.notion.so/Checkpoint-D-26b0cff84158809e9497c9b01e57085a?pvs=21)",2) Testing & Validation Checklist,Phase 1 - DEV Checkpoints,,,,Not Started,Seed data:
P1-D-023,Validation,P1-D,,,,No,,,,,1,P2,"Overall Progress (https://www.notion.so/Overall-Progress-26b0cff84158800895d8f002d83ce60f?pvs=21), Checkpoint D (https://www.notion.so/Checkpoint-D-26b0cff84158809e9497c9b01e57085a?pvs=21)",2) Testing & Validation Checklist,Phase 1 - DEV Checkpoints,,,,Not Started,Manual trigger:
P1-D-024,Validation,P1-D,,,,No,,,,,1,P2,"Overall Progress (https://www.notion.so/Overall-Progress-26b0cff84158800895d8f002d83ce60f?pvs=21), Checkpoint D (https://www.notion.so/Checkpoint-D-26b0cff84158809e9497c9b01e57085a?pvs=21)",2) Testing & Validation Checklist,Phase 1 - DEV Checkpoints,,,,Not Started,`template_targets` snapshot created or updated with new weights/version.
P1-D-025,Validation,P1-D,,,,No,,,,,1,P2,"Overall Progress (https://www.notion.so/Overall-Progress-26b0cff84158800895d8f002d83ce60f?pvs=21), Checkpoint D (https://www.notion.so/Checkpoint-D-26b0cff84158809e9497c9b01e57085a?pvs=21)",2) Testing & Validation Checklist,Phase 1 - DEV Checkpoints,,,,Not Started,"`template.rebalance.intent` published with `template_id`, `ts`, `target_vector`, `version`, `reason`, `correlation_id`."
P1-D-026,Validation,P1-D,,,,No,,,,,1,P2,"Overall Progress (https://www.notion.so/Overall-Progress-26b0cff84158800895d8f002d83ce60f?pvs=21), Checkpoint D (https://www.notion.so/Checkpoint-D-26b0cff84158809e9497c9b01e57085a?pvs=21)",2) Testing & Validation Checklist,Phase 1 - DEV Checkpoints,,,,Not Started,"Logs show consumption of `template.rebalance.intent`, batching, context load."
P1-D-027,Validation,P1-D,,,,No,,,,,1,P2,"Overall Progress (https://www.notion.so/Overall-Progress-26b0cff84158800895d8f002d83ce60f?pvs=21), Checkpoint D (https://www.notion.so/Checkpoint-D-26b0cff84158809e9497c9b01e57085a?pvs=21)",2) Testing & Validation Checklist,Phase 1 - DEV Checkpoints,,,,Not Started,Two `account_intents` documents created with `status: ready` and deterministic `intent_id`.
P1-D-028,Validation,P1-D,,,,No,,,,,1,P2,"Overall Progress (https://www.notion.so/Overall-Progress-26b0cff84158800895d8f002d83ce60f?pvs=21), Checkpoint D (https://www.notion.so/Checkpoint-D-26b0cff84158809e9497c9b01e57085a?pvs=21)",2) Testing & Validation Checklist,Phase 1 - DEV Checkpoints,,,,Not Started,"`legs[]` reflect sizing, rounding, min-notional, drift filters, and restrictions."
P1-D-029,Validation,P1-D,,,,No,,,,,1,P2,"Overall Progress (https://www.notion.so/Overall-Progress-26b0cff84158800895d8f002d83ce60f?pvs=21), Checkpoint D (https://www.notion.so/Checkpoint-D-26b0cff84158809e9497c9b01e57085a?pvs=21)",2) Testing & Validation Checklist,Phase 1 - DEV Checkpoints,,,,Not Started,Two `account.intent.ready` messages published (ordering by `account_id`).
P1-D-030,Validation,P1-D,,,,No,,,,,1,P2,"Overall Progress (https://www.notion.so/Overall-Progress-26b0cff84158800895d8f002d83ce60f?pvs=21), Checkpoint D (https://www.notion.so/Checkpoint-D-26b0cff84158809e9497c9b01e57085a?pvs=21)",2) Testing & Validation Checklist,Phase 1 - DEV Checkpoints,,,,Not Started,Idempotency check:
P1-D-031,Validation,P1-D,,,,No,,,,,1,P2,"Overall Progress (https://www.notion.so/Overall-Progress-26b0cff84158800895d8f002d83ce60f?pvs=21), Checkpoint D (https://www.notion.so/Checkpoint-D-26b0cff84158809e9497c9b01e57085a?pvs=21)",2) Testing & Validation Checklist,Phase 1 - DEV Checkpoints,,,,Not Started,Observability:
P1-E-001,Contracts,P1-E,,,Risk Engine,No,,,,,1,P2,"Overall Progress (https://www.notion.so/Overall-Progress-26b0cff84158800895d8f002d83ce60f?pvs=21), Checkpoint E (https://www.notion.so/Checkpoint-E-26b0cff8415880cf80d6d92579a8ea39?pvs=21)",1) Development & Integration Plan — Risk Engine,Phase 1 - DEV Checkpoints,,,,Not Started,Develop service: Cloud Run service subscribing to `account.intent.ready`. Acquire an account-scoped lock; process idempotently per `intent_id`.
P1-E-002,Contracts,P1-E,,,Risk Engine,No,,,,,1,P2,"Overall Progress (https://www.notion.so/Overall-Progress-26b0cff84158800895d8f002d83ce60f?pvs=21), Checkpoint E (https://www.notion.so/Checkpoint-E-26b0cff8415880cf80d6d92579a8ea39?pvs=21)",1) Development & Integration Plan — Risk Engine,Phase 1 - DEV Checkpoints,,,,Not Started,Live state refresh: Fetch current positions and cash from SnapTrade; use Redis positions cache when fresh; resolve reference prices for sizing.
P1-E-003,Contracts,P1-E,,,Risk Engine,No,,,,,1,P2,"Overall Progress (https://www.notion.so/Overall-Progress-26b0cff84158800895d8f002d83ce60f?pvs=21), Checkpoint E (https://www.notion.so/Checkpoint-E-26b0cff8415880cf80d6d92579a8ea39?pvs=21)",1) Development & Integration Plan — Risk Engine,Phase 1 - DEV Checkpoints,,,,Not Started,"Positions cache contract: Read Redis key `positions:{account_id}` only if `last_update` ≤ 180s; otherwise fetch from SnapTrade and refresh the cache (write `positions`, `cash`, `last_update`)."
P1-E-004,Contracts,P1-E,,,Risk Engine,No,,,,,1,P2,"Overall Progress (https://www.notion.so/Overall-Progress-26b0cff84158800895d8f002d83ce60f?pvs=21), Checkpoint E (https://www.notion.so/Checkpoint-E-26b0cff8415880cf80d6d92579a8ea39?pvs=21)",1) Development & Integration Plan — Risk Engine,Phase 1 - DEV Checkpoints,,,,Not Started,"Immediate reconciliation: When a plan is submitted, any `orders.evt` ack/partial/fill from Trade Manager must update `positions:{account_id}` within 1s so subsequent risk decisions see post-trade state."
P1-E-005,Contracts,P1-E,,,Risk Engine,No,,,,,1,P2,"Overall Progress (https://www.notion.so/Overall-Progress-26b0cff84158800895d8f002d83ce60f?pvs=21), Checkpoint E (https://www.notion.so/Checkpoint-E-26b0cff8415880cf80d6d92579a8ea39?pvs=21)",1) Development & Integration Plan — Risk Engine,Phase 1 - DEV Checkpoints,,,,Not Started,"Staleness guard: If cache present but older than threshold, fail-closed to broker refresh before approving."
P1-E-006,Contracts,P1-E,,,Risk Engine,No,,,,,1,P2,"Overall Progress (https://www.notion.so/Overall-Progress-26b0cff84158800895d8f002d83ce60f?pvs=21), Checkpoint E (https://www.notion.so/Checkpoint-E-26b0cff8415880cf80d6d92579a8ea39?pvs=21)",1) Development & Integration Plan — Risk Engine,Phase 1 - DEV Checkpoints,,,,Not Started,"Simulation & rules: Simulate post-trade state and evaluate limits (leverage, concentration, single-name and sector caps), VaR, staleness, notional/size, and cached compliance if required."
P1-E-007,Contracts,P1-E,,,Risk Engine,No,,,,,1,P2,"Overall Progress (https://www.notion.so/Overall-Progress-26b0cff84158800895d8f002d83ce60f?pvs=21), Checkpoint E (https://www.notion.so/Checkpoint-E-26b0cff8415880cf80d6d92579a8ea39?pvs=21)",1) Development & Integration Plan — Risk Engine,Phase 1 - DEV Checkpoints,,,,Not Started,"Persistence: Write an immutable `RiskSnapshots` record capturing inputs, metrics, constraints, and decision."
P1-E-008,Contracts,P1-E,,,Risk Engine,No,,,,,1,P2,"Overall Progress (https://www.notion.so/Overall-Progress-26b0cff84158800895d8f002d83ce60f?pvs=21), Checkpoint E (https://www.notion.so/Checkpoint-E-26b0cff8415880cf80d6d92579a8ea39?pvs=21)",1) Development & Integration Plan — Risk Engine,Phase 1 - DEV Checkpoints,,,,Not Started,Event publishing: Emit `risk.approved` (with per-leg constraints when applicable) or `risk.rejected`; publish a compact `audit.evt` for later hashing. Key by `account_id`.
P1-E-009,Contracts,P1-E,,,Risk Engine,No,,,,,1,P2,"Overall Progress (https://www.notion.so/Overall-Progress-26b0cff84158800895d8f002d83ce60f?pvs=21), Checkpoint E (https://www.notion.so/Checkpoint-E-26b0cff8415880cf80d6d92579a8ea39?pvs=21)",1) Development & Integration Plan — Risk Engine,Phase 1 - DEV Checkpoints,,,,Not Started,"Collections & indexes: `accounts`, `risk_limits`, `account_intents`, `RiskSnapshots`, `asset_metadata`, `pricing_rules`."
P1-E-010,Contracts,P1-E,,,Execution Gateway,No,,,,,1,P2,"Overall Progress (https://www.notion.so/Overall-Progress-26b0cff84158800895d8f002d83ce60f?pvs=21), Checkpoint E (https://www.notion.so/Checkpoint-E-26b0cff8415880cf80d6d92579a8ea39?pvs=21)",1) Development & Integration Plan — Execution Gateway,Phase 1 - DEV Checkpoints,,,,Not Started,Develop service: Cloud Run service subscribing to `risk.approved` and to `orders.evt` for reconciliation. Acquire per-account execution lock; run idempotently per `intent_id`.
P1-E-011,Contracts,P1-E,,,Execution Gateway,No,,,,,1,P2,"Overall Progress (https://www.notion.so/Overall-Progress-26b0cff84158800895d8f002d83ce60f?pvs=21), Checkpoint E (https://www.notion.so/Checkpoint-E-26b0cff8415880cf80d6d92579a8ea39?pvs=21)",1) Development & Integration Plan — Execution Gateway,Phase 1 - DEV Checkpoints,,,,Not Started,Plan generation: Load the approved intent + `RiskSnapshot`; translate legs to broker orders (SnapTrade driver in Phase 1); enforce risk constraints/venue rules; assign deterministic `client_order_id` per order.
P1-E-012,Contracts,P1-E,,,Execution Gateway,No,,,,,1,P2,"Overall Progress (https://www.notion.so/Overall-Progress-26b0cff84158800895d8f002d83ce60f?pvs=21), Checkpoint E (https://www.notion.so/Checkpoint-E-26b0cff8415880cf80d6d92579a8ea39?pvs=21)",1) Development & Integration Plan — Execution Gateway,Phase 1 - DEV Checkpoints,,,,Not Started,Persistence: Write `ExecutionPlans` header and child `Orders` with `status: pending_submit`; maintain `OrderIdMap` for `client_order_id ↔ broker_order_id` reconciliation.
P1-E-013,Contracts,P1-E,,,Execution Gateway,No,,,,,1,P2,"Overall Progress (https://www.notion.so/Overall-Progress-26b0cff84158800895d8f002d83ce60f?pvs=21), Checkpoint E (https://www.notion.so/Checkpoint-E-26b0cff8415880cf80d6d92579a8ea39?pvs=21)",1) Development & Integration Plan — Execution Gateway,Phase 1 - DEV Checkpoints,,,,Not Started,"Event publishing: Publish a single `orders.cmd {plan_id, intent_id, account_id, driver, action, orders[]}`; publish `audit.evt{exec_plan_submit}`; then consume `orders.evt` to update plan/order state."
P1-E-014,Contracts,P1-E,,,Execution Gateway,No,,,,,1,P2,"Overall Progress (https://www.notion.so/Overall-Progress-26b0cff84158800895d8f002d83ce60f?pvs=21), Checkpoint E (https://www.notion.so/Checkpoint-E-26b0cff8415880cf80d6d92579a8ea39?pvs=21)",1) Development & Integration Plan — Execution Gateway,Phase 1 - DEV Checkpoints,,,,Not Started,Idempotency & concurrency: `exec:lock:{account_id}`; unique index on `ExecutionPlans.intent_id`; deterministic `client_order_id`; re-emitter for failed publishes.
P1-E-015,Contracts,P1-E,,,Execution Gateway,No,,,,,1,P2,"Overall Progress (https://www.notion.so/Overall-Progress-26b0cff84158800895d8f002d83ce60f?pvs=21), Checkpoint E (https://www.notion.so/Checkpoint-E-26b0cff8415880cf80d6d92579a8ea39?pvs=21)",1) Development & Integration Plan — Execution Gateway,Phase 1 - DEV Checkpoints,,,,Not Started,Keep fast path clean: No synchronous broker calls in the Gateway; all external interactions are delegated to the Trade Manager.
P1-E-016,Contracts,P1-E,,,Trade Manager,No,,,,,1,P2,"Overall Progress (https://www.notion.so/Overall-Progress-26b0cff84158800895d8f002d83ce60f?pvs=21), Checkpoint E (https://www.notion.so/Checkpoint-E-26b0cff8415880cf80d6d92579a8ea39?pvs=21)",1) Development & Integration Plan — Trade Manager,Phase 1 - DEV Checkpoints,,,,Not Started,Develop service: Cloud Run service subscribing to `orders.cmd`. Acquire an account-scoped lock; process idempotently per `client_order_id`.
P1-E-017,Contracts,P1-E,,,Trade Manager,No,,,,,1,P2,"Overall Progress (https://www.notion.so/Overall-Progress-26b0cff84158800895d8f002d83ce60f?pvs=21), Checkpoint E (https://www.notion.so/Checkpoint-E-26b0cff8415880cf80d6d92579a8ea39?pvs=21)",1) Development & Integration Plan — Trade Manager,Phase 1 - DEV Checkpoints,,,,Not Started,"SnapTrade driver: Submit/cancel orders; handle acknowledgements, partial and full fills; retry transient errors; map broker_order_id; emit `orders.evt` for each transition; write `audit.evt` stubs."
P1-E-018,Contracts,P1-E,,,Trade Manager,No,,,,,1,P2,"Overall Progress (https://www.notion.so/Overall-Progress-26b0cff84158800895d8f002d83ce60f?pvs=21), Checkpoint E (https://www.notion.so/Checkpoint-E-26b0cff8415880cf80d6d92579a8ea39?pvs=21)",1) Development & Integration Plan — Trade Manager,Phase 1 - DEV Checkpoints,,,,Not Started,State machine & saga: Update `ExecutionSagas` and `Orders` as events arrive; poll status for stale orders when webhooks/callbacks lag; reconcile plan status.
P1-E-019,Contracts,P1-E,,,Trade Manager,No,,,,,1,P2,"Overall Progress (https://www.notion.so/Overall-Progress-26b0cff84158800895d8f002d83ce60f?pvs=21), Checkpoint E (https://www.notion.so/Checkpoint-E-26b0cff8415880cf80d6d92579a8ea39?pvs=21)",1) Development & Integration Plan — Trade Manager,Phase 1 - DEV Checkpoints,,,,Not Started,"Collections & infra: `ExecutionPlans`, `Orders`, `ExecutionSagas`, `OrderIdMap`; Redis token-bucket rate limits and account locks."
P1-E-020,Contracts,P1-E,,,Trade Manager,No,,,,,1,P2,"Overall Progress (https://www.notion.so/Overall-Progress-26b0cff84158800895d8f002d83ce60f?pvs=21), Checkpoint E (https://www.notion.so/Checkpoint-E-26b0cff8415880cf80d6d92579a8ea39?pvs=21)",1) Development & Integration Plan — Trade Manager,Phase 1 - DEV Checkpoints,,,,Not Started,"Contracts: Consume `orders.cmd`; publish `orders.evt` (e.g., `submitted`, `acknowledged`, `partial_fill`, `filled`, `canceled`) keyed by `account_id`."
P1-E-021,Contracts,P1-E,,,Trade Manager,No,,,,,1,P2,"Overall Progress (https://www.notion.so/Overall-Progress-26b0cff84158800895d8f002d83ce60f?pvs=21), Checkpoint E (https://www.notion.so/Checkpoint-E-26b0cff8415880cf80d6d92579a8ea39?pvs=21)",1) Development & Integration Plan — Trade Manager,Phase 1 - DEV Checkpoints,,,,Not Started,"Positions cache writes: On each ack/partial/fill/cancel, upsert Redis `positions:{account_id}` = {positions[], cash, last_update} (JSON). Set TTL ≈ 180s."
P1-E-022,Contracts,P1-E,,,Trade Manager,No,,,,,1,P2,"Overall Progress (https://www.notion.so/Overall-Progress-26b0cff84158800895d8f002d83ce60f?pvs=21), Checkpoint E (https://www.notion.so/Checkpoint-E-26b0cff8415880cf80d6d92579a8ea39?pvs=21)",1) Development & Integration Plan — Trade Manager,Phase 1 - DEV Checkpoints,,,,Not Started,Idempotent updates: Use `client_order_id` to recompute positions deltas deterministically; multiple identical events must leave the cache consistent.
P1-E-023,Validation,P1-E,,,,No,,,,,1,P2,"Overall Progress (https://www.notion.so/Overall-Progress-26b0cff84158800895d8f002d83ce60f?pvs=21), Checkpoint E (https://www.notion.so/Checkpoint-E-26b0cff8415880cf80d6d92579a8ea39?pvs=21)",2) Testing & Validation Checklist,Phase 1 - DEV Checkpoints,,,,Not Started,Dry-run path: Enable dry-run mode so `orders.cmd` is consumed and simulated without live broker calls; verify event cadence and state transitions.
P1-E-024,Validation,P1-E,,,,No,,,,,1,P2,"Overall Progress (https://www.notion.so/Overall-Progress-26b0cff84158800895d8f002d83ce60f?pvs=21), Checkpoint E (https://www.notion.so/Checkpoint-E-26b0cff8415880cf80d6d92579a8ea39?pvs=21)",2) Testing & Validation Checklist,Phase 1 - DEV Checkpoints,,,,Not Started,Manual trigger: Publish a representative `account.intent.ready` for a SnapTrade-linked sandbox account.
P1-E-025,Validation,P1-E,,,,No,,,,,1,P2,"Overall Progress (https://www.notion.so/Overall-Progress-26b0cff84158800895d8f002d83ce60f?pvs=21), Checkpoint E (https://www.notion.so/Checkpoint-E-26b0cff8415880cf80d6d92579a8ea39?pvs=21)",2) Testing & Validation Checklist,Phase 1 - DEV Checkpoints,,,,Not Started,Logs show a successful positions/cash refresh from SnapTrade (or cache hit).
P1-E-026,Validation,P1-E,,,,No,,,,,1,P2,"Overall Progress (https://www.notion.so/Overall-Progress-26b0cff84158800895d8f002d83ce60f?pvs=21), Checkpoint E (https://www.notion.so/Checkpoint-E-26b0cff8415880cf80d6d92579a8ea39?pvs=21)",2) Testing & Validation Checklist,Phase 1 - DEV Checkpoints,,,,Not Started,`RiskSnapshots` document written with metrics/constraints/decision.
P1-E-027,Validation,P1-E,,,,No,,,,,1,P2,"Overall Progress (https://www.notion.so/Overall-Progress-26b0cff84158800895d8f002d83ce60f?pvs=21), Checkpoint E (https://www.notion.so/Checkpoint-E-26b0cff8415880cf80d6d92579a8ea39?pvs=21)",2) Testing & Validation Checklist,Phase 1 - DEV Checkpoints,,,,Not Started,`risk.approved` (or `risk.rejected`) published with required attributes.
P1-E-028,Validation,P1-E,,,,No,,,,,1,P2,"Overall Progress (https://www.notion.so/Overall-Progress-26b0cff84158800895d8f002d83ce60f?pvs=21), Checkpoint E (https://www.notion.so/Checkpoint-E-26b0cff8415880cf80d6d92579a8ea39?pvs=21)",2) Testing & Validation Checklist,Phase 1 - DEV Checkpoints,,,,Not Started,`ExecutionPlans` and `Orders` created with `status: pending_submit`; deterministic `client_order_id` assigned.
P1-E-029,Validation,P1-E,,,,No,,,,,1,P2,"Overall Progress (https://www.notion.so/Overall-Progress-26b0cff84158800895d8f002d83ce60f?pvs=21), Checkpoint E (https://www.notion.so/Checkpoint-E-26b0cff8415880cf80d6d92579a8ea39?pvs=21)",2) Testing & Validation Checklist,Phase 1 - DEV Checkpoints,,,,Not Started,`orders.cmd` published; `audit.evt{exec_plan_submit}` emitted.
P1-E-030,Validation,P1-E,,,,No,,,,,1,P2,"Overall Progress (https://www.notion.so/Overall-Progress-26b0cff84158800895d8f002d83ce60f?pvs=21), Checkpoint E (https://www.notion.so/Checkpoint-E-26b0cff8415880cf80d6d92579a8ea39?pvs=21)",2) Testing & Validation Checklist,Phase 1 - DEV Checkpoints,,,,Not Started,`orders.cmd` consumed; SnapTrade shows an order placed in sandbox.
P1-E-031,Validation,P1-E,,,,No,,,,,1,P2,"Overall Progress (https://www.notion.so/Overall-Progress-26b0cff84158800895d8f002d83ce60f?pvs=21), Checkpoint E (https://www.notion.so/Checkpoint-E-26b0cff8415880cf80d6d92579a8ea39?pvs=21)",2) Testing & Validation Checklist,Phase 1 - DEV Checkpoints,,,,Not Started,Sequence of `orders.evt` observed for each state change; `ExecutionSagas` and `Orders` updated accordingly.
P1-E-032,Validation,P1-E,,,,No,,,,,1,P2,"Overall Progress (https://www.notion.so/Overall-Progress-26b0cff84158800895d8f002d83ce60f?pvs=21), Checkpoint E (https://www.notion.so/Checkpoint-E-26b0cff8415880cf80d6d92579a8ea39?pvs=21)",2) Testing & Validation Checklist,Phase 1 - DEV Checkpoints,,,,Not Started,"Positions cache freshness: After a simulated partial fill, verify Redis `positions:{account_id}` updates within 1s, and the next Risk decision reads the cache (no broker call when fresh)."
P1-E-033,Validation,P1-E,,,,No,,,,,1,P2,"Overall Progress (https://www.notion.so/Overall-Progress-26b0cff84158800895d8f002d83ce60f?pvs=21), Checkpoint E (https://www.notion.so/Checkpoint-E-26b0cff8415880cf80d6d92579a8ea39?pvs=21)",2) Testing & Validation Checklist,Phase 1 - DEV Checkpoints,,,,Not Started,Execution Gateway consumes `orders.evt` and updates plan/order status to terminal states; `OrderIdMap` populated for broker identifiers.
P1-E-034,Validation,P1-E,,,,No,,,,,1,P2,"Overall Progress (https://www.notion.so/Overall-Progress-26b0cff84158800895d8f002d83ce60f?pvs=21), Checkpoint E (https://www.notion.so/Checkpoint-E-26b0cff8415880cf80d6d92579a8ea39?pvs=21)",2) Testing & Validation Checklist,Phase 1 - DEV Checkpoints,,,,Not Started,"Drive an intent expected to fail (e.g., insufficient funds); verify `risk.rejected` is published and no `orders.cmd` follows."
P1-E-035,Validation,P1-E,,,,No,,,,,1,P2,"Overall Progress (https://www.notion.so/Overall-Progress-26b0cff84158800895d8f002d83ce60f?pvs=21), Checkpoint E (https://www.notion.so/Checkpoint-E-26b0cff8415880cf80d6d92579a8ea39?pvs=21)",2) Testing & Validation Checklist,Phase 1 - DEV Checkpoints,,,,Not Started,"Trace the `correlation_id` across `account.intent.ready → risk.* → orders.cmd → orders.evt`; monitor backlog age, ack latency, DLQs, and service p95s (risk decision ≤ 800 ms; plan build/submit ≤ 500 ms)."